Filename,2024,kinase,ethic,Cosine Similarity
PMC514601.txt,0,0,0,0.0000
PMC516016.txt,1,1,0,0.8165
PMC549512.txt,0,0,0,0.0000
PMC516770.txt,0,0,0,0.0000
PMC514615.txt,0,0,0,0.0000
PMC535803.txt,0,0,0,0.0000
PMC521686.txt,0,0,0,0.0000
PMC314466.txt,0,7,0,0.5774
PMC314300.txt,0,5,0,0.5774
PMC548142.txt,0,0,0,0.0000
PMC521692.txt,0,0,0,0.0000
PMC314472.txt,0,0,0,0.0000
PMC555846.txt,0,0,0,0.0000
PMC546184.txt,0,0,1,0.5774
PMC546190.txt,0,0,0,0.0000
PMC555852.txt,0,8,0,0.5774
PMC340962.txt,0,0,0,0.0000
PMC544963.txt,0,0,0,0.0000
PMC503396.txt,0,0,0,0.0000
PMC552330.txt,1,1,0,0.8165
PMC544552.txt,0,0,0,0.0000
PMC549076.txt,0,0,0,0.0000
PMC553990.txt,0,0,0,0.0000
PMC553984.txt,0,0,0,0.0000
PMC509320.txt,0,0,0,0.0000
PMC549062.txt,0,0,0,0.0000
PMC552324.txt,0,0,0,0.0000
PMC544546.txt,0,0,0,0.0000
PMC497044.txt,0,0,2,0.5774
PMC551605.txt,0,2,0,0.5774
PMC555463.txt,0,0,3,0.5774
PMC509308.txt,0,0,0,0.0000
PMC521484.txt,0,0,0,0.0000
PMC521490.txt,0,0,1,0.5774
PMC543573.txt,0,0,0,0.0000
PMC554769.txt,0,0,0,0.0000
PMC497050.txt,0,0,0,0.0000
PMC551611.txt,0,1,0,0.5774
PMC554782.txt,0,0,0,0.0000
PMC544591.txt,0,0,0,0.0000
PMC524503.txt,0,0,1,0.5774
PMC539234.txt,0,0,0,0.0000
PMC524517.txt,0,1,0,0.5774
PMC544585.txt,0,0,0,0.0000
PMC524259.txt,0,0,0,0.0000
PMC535340.txt,0,0,0,0.0000
PMC554972.txt,0,0,0,0.0000
PMC533876.txt,0,0,0,0.0000
PMC546231.txt,0,4,0,0.5774
PMC517718.txt,0,0,1,0.5774
PMC514563.txt,0,0,3,0.5774
PMC544354.txt,0,0,0,0.0000
PMC546225.txt,0,0,0,0.0000
PMC533862.txt,1,55,0,0.5878
PMC517724.txt,0,0,1,0.5774
PMC449894.txt,0,0,0,0.0000
PMC545062.txt,0,0,0,0.0000
PMC524488.txt,0,0,1,0.5774
PMC520822.txt,0,0,0,0.0000
PMC545076.txt,0,0,2,0.5774
PMC546219.txt,0,0,0,0.0000
PMC534102.txt,0,0,0,0.0000
PMC539340.txt,0,0,0,0.0000
PMC509283.txt,0,0,0,0.0000
PMC539354.txt,0,0,0,0.0000
PMC509297.txt,0,0,0,0.0000
PMC544397.txt,0,0,0,0.0000
PMC545937.txt,0,0,0,0.0000
PMC526512.txt,0,1,0,0.5774
PMC535546.txt,0,0,0,0.0000
PMC535552.txt,0,0,0,0.0000
PMC522748.txt,0,0,0,0.0000
PMC193604.txt,0,0,0,0.0000
PMC406403.txt,0,0,0,0.0000
PMC550651.txt,0,0,0,0.0000
PMC368181.txt,0,0,0,0.0000
PMC550645.txt,0,0,0,0.0000
PMC521080.txt,0,0,0,0.0000
PMC368156.txt,0,0,0,0.0000
PMC528729.txt,0,0,1,0.5774
PMC529437.txt,0,0,0,0.0000
PMC551598.txt,0,0,2,0.5774
PMC529423.txt,0,0,0,0.0000
PMC544195.txt,0,0,8,0.5774
PMC521731.txt,0,3,0,0.5774
PMC538260.txt,0,0,0,0.0000
PMC423132.txt,0,0,11,0.5774
PMC548793.txt,0,0,0,0.0000
PMC538274.txt,0,1,0,0.5774
PMC538275.txt,0,0,0,0.0000
PMC538261.txt,0,1,0,0.5774
PMC521730.txt,0,0,0,0.0000
PMC423133.txt,0,1,0,0.5774
PMC551599.txt,0,0,0,0.0000
PMC544194.txt,0,0,0,0.0000
PMC529436.txt,0,0,0,0.0000
PMC528728.txt,0,0,0,0.0000
PMC368157.txt,0,1,0,0.5774
PMC521081.txt,0,0,1,0.5774
PMC368180.txt,0,0,0,0.0000
PMC406402.txt,0,0,0,0.0000
PMC550650.txt,0,0,0,0.0000
PMC535553.txt,0,0,1,0.5774
PMC193605.txt,1,1,0,0.8165
PMC522749.txt,0,0,0,0.0000
PMC535547.txt,0,0,0,0.0000
PMC544396.txt,0,0,0,0.0000
PMC526275.txt,0,0,0,0.0000
PMC509296.txt,0,0,0,0.0000
PMC539355.txt,0,0,2,0.5774
PMC545936.txt,0,0,1,0.5774
PMC534103.txt,0,0,1,0.5774
PMC509282.txt,0,1,0,0.5774
PMC526261.txt,0,0,2,0.5774
PMC539341.txt,0,0,0,0.0000
PMC545077.txt,1,0,0,0.5774
PMC520823.txt,0,0,1,0.5774
PMC546218.txt,0,20,0,0.5774
PMC449895.txt,0,0,0,0.0000
PMC517725.txt,0,2,0,0.5774
PMC524489.txt,0,0,0,0.0000
PMC545063.txt,0,0,1,0.5774
PMC544355.txt,0,0,0,0.0000
PMC514562.txt,0,2,0,0.5774
PMC533863.txt,0,2,0,0.5774
PMC546224.txt,0,0,0,0.0000
PMC517719.txt,0,0,1,0.5774
PMC546230.txt,0,0,0,0.0000
PMC533877.txt,0,0,0,0.0000
PMC514576.txt,0,41,0,0.5774
PMC509241.txt,0,3,0,0.5774
PMC554973.txt,0,0,0,0.0000
PMC535341.txt,0,0,0,0.0000
PMC548382.txt,0,0,0,0.0000
PMC524258.txt,0,0,0,0.0000
PMC524516.txt,0,0,1,0.5774
PMC524270.txt,0,0,0,0.0000
PMC544584.txt,0,1,0,0.5774
PMC544590.txt,0,1,0,0.5774
PMC554783.txt,0,0,2,0.5774
PMC539235.txt,0,0,0,0.0000
PMC524502.txt,0,0,2,0.5774
PMC543572.txt,0,0,0,0.0000
PMC521491.txt,0,0,0,0.0000
PMC551610.txt,0,0,1,0.5774
PMC554768.txt,0,0,0,0.0000
PMC522826.txt,0,0,1,0.5774
PMC552319.txt,0,0,0,0.0000
PMC551604.txt,0,0,0,0.0000
PMC497045.txt,0,0,0,0.0000
PMC521485.txt,0,0,0,0.0000
PMC509309.txt,0,0,0,0.0000
PMC509321.txt,0,0,0,0.0000
PMC553985.txt,0,0,0,0.0000
PMC544547.txt,0,0,0,0.0000
PMC552325.txt,0,0,0,0.0000
PMC549063.txt,0,0,0,0.0000
PMC549077.txt,0,2,0,0.5774
PMC544553.txt,0,0,1,0.5774
PMC554998.txt,0,0,1,0.5774
PMC552331.txt,0,0,1,0.5774
PMC553991.txt,0,0,0,0.0000
PMC544962.txt,0,0,0,0.0000
PMC503397.txt,0,0,0,0.0000
PMC340963.txt,0,0,1,0.5774
PMC555853.txt,0,0,0,0.0000
PMC546191.txt,1,0,2,0.7746
PMC546185.txt,0,0,0,0.0000
PMC555847.txt,0,0,2,0.5774
PMC548143.txt,2,30,0,0.6145
PMC314473.txt,0,0,0,0.0000
PMC521693.txt,0,0,0,0.0000
PMC520599.txt,0,6,0,0.5774
PMC314467.txt,0,0,0,0.0000
PMC521687.txt,0,0,1,0.5774
PMC314301.txt,0,0,0,0.0000
PMC528853.txt,0,0,0,0.0000
PMC535802.txt,0,0,0,0.0000
PMC516017.txt,0,3,0,0.5774
PMC535816.txt,1,0,1,0.8165
PMC516771.txt,0,0,0,0.0000
PMC514616.txt,0,0,0,0.0000
PMC516767.txt,0,0,0,0.0000
PMC516773.txt,0,0,0,0.0000
PMC514602.txt,0,0,0,0.0000
PMC535814.txt,0,3,0,0.5774
PMC521691.txt,0,0,0,0.0000
PMC314471.txt,0,0,0,0.0000
PMC549539.txt,0,0,2,0.5774
PMC548141.txt,0,2,0,0.5774
PMC516029.txt,0,3,0,0.5774
PMC521685.txt,0,1,0,0.5774
PMC314465.txt,0,0,0,0.0000
PMC546193.txt,0,1,0,0.5774
PMC555851.txt,0,0,0,0.0000
PMC340961.txt,0,0,0,0.0000
PMC544948.txt,0,0,0,0.0000
PMC555845.txt,0,0,1,0.5774
PMC546187.txt,0,0,2,0.5774
PMC393293.txt,0,0,0,0.0000
PMC503395.txt,0,0,0,0.0000
PMC544960.txt,0,0,0,0.0000
PMC439009.txt,0,0,0,0.0000
PMC516798.txt,0,0,1,0.5774
PMC517492.txt,0,0,0,0.0000
PMC340949.txt,0,0,0,0.0000
PMC549061.txt,0,0,0,0.0000
PMC552327.txt,0,0,0,0.0000
PMC522818.txt,0,0,0,0.0000
PMC554756.txt,0,0,0,0.0000
PMC553987.txt,0,7,0,0.5774
PMC549713.txt,0,0,0,0.0000
PMC553993.txt,0,0,1,0.5774
PMC544551.txt,0,2,0,0.5774
PMC549075.txt,0,0,0,0.0000
PMC522824.txt,0,0,0,0.0000
PMC544579.txt,0,2,0,0.5774
PMC551612.txt,0,0,0,0.0000
PMC546408.txt,1,0,0,0.5774
PMC521493.txt,0,0,0,0.0000
PMC532389.txt,0,0,0,0.0000
PMC521487.txt,0,0,0,0.0000
PMC497047.txt,0,0,0,0.0000
PMC549049.txt,0,7,0,0.5774
PMC551606.txt,0,0,1,0.5774
PMC449908.txt,0,0,0,0.0000
PMC544586.txt,0,0,0,0.0000
PMC524514.txt,0,0,4,0.5774
PMC524500.txt,0,0,0,0.0000
PMC539237.txt,0,0,1,0.5774
PMC554781.txt,0,0,0,0.0000
PMC544592.txt,0,0,0,0.0000
PMC535343.txt,0,0,4,0.5774
PMC554971.txt,0,0,0,0.0000
PMC553978.txt,0,0,0,0.0000
PMC546226.txt,0,12,0,0.5774
PMC533861.txt,0,0,0,0.0000
PMC545049.txt,0,8,0,0.5774
PMC514560.txt,0,0,0,0.0000
PMC544357.txt,0,0,0,0.0000
PMC514574.txt,0,0,0,0.0000
PMC533875.txt,0,0,3,0.5774
PMC546232.txt,0,0,0,0.0000
PMC520821.txt,0,0,0,0.0000
PMC545075.txt,0,0,0,0.0000
PMC514548.txt,0,0,4,0.5774
PMC545061.txt,0,0,0,0.0000
PMC517727.txt,0,0,0,0.0000
PMC449897.txt,0,0,0,0.0000
PMC534115.txt,0,3,0,0.5774
PMC545934.txt,0,19,0,0.5774
PMC539357.txt,0,0,0,0.0000
PMC509294.txt,0,1,0,0.5774
PMC544394.txt,0,8,0,0.5774
PMC524474.txt,0,0,0,0.0000
PMC539343.txt,0,0,0,0.0000
PMC526263.txt,0,0,0,0.0000
PMC509280.txt,0,0,0,0.0000
PMC534101.txt,0,0,1,0.5774
PMC449868.txt,0,0,0,0.0000
PMC517928.txt,0,0,0,0.0000
PMC193607.txt,0,0,0,0.0000
PMC535551.txt,0,2,0,0.5774
PMC535545.txt,0,1,1,0.8165
PMC538288.txt,0,0,0,0.0000
PMC550646.txt,0,0,0,0.0000
PMC550652.txt,0,0,0,0.0000
PMC385220.txt,0,0,0,0.0000
PMC406400.txt,0,0,1,0.5774
PMC521083.txt,0,0,0,0.0000
PMC523858.txt,0,0,0,0.0000
PMC529420.txt,0,1,0,0.5774
PMC368155.txt,0,0,0,0.0000
PMC521068.txt,0,0,0,0.0000
PMC529434.txt,0,0,0,0.0000
PMC538277.txt,1,11,0,0.6273
PMC467001.txt,4,0,1,0.7001
PMC423131.txt,0,1,0,0.5774
PMC406399.txt,0,0,0,0.0000
PMC368169.txt,0,1,0,0.5774
PMC521732.txt,0,6,0,0.5774
PMC538263.txt,0,0,0,0.0000
PMC368168.txt,0,0,0,0.0000
PMC406398.txt,0,0,0,0.0000
PMC423130.txt,0,0,0,0.0000
PMC538262.txt,0,1,0,0.5774
PMC521733.txt,0,0,0,0.0000
PMC467000.txt,5,0,2,0.7505
PMC538276.txt,0,0,0,0.0000
PMC521727.txt,0,0,0,0.0000
PMC529435.txt,0,0,1,0.5774
PMC521069.txt,0,0,0,0.0000
PMC359389.txt,0,0,22,0.5774
PMC529421.txt,0,0,1,0.5774
PMC523859.txt,0,0,1,0.5774
PMC550653.txt,0,0,0,0.0000
PMC406401.txt,0,0,0,0.0000
PMC550647.txt,0,0,0,0.0000
PMC535544.txt,0,0,0,0.0000
PMC449855.txt,0,0,0,0.0000
PMC193606.txt,0,0,0,0.0000
PMC517929.txt,0,2,0,0.5774
PMC535550.txt,0,0,0,0.0000
PMC509281.txt,0,0,3,0.5774
PMC526262.txt,0,0,2,0.5774
PMC539342.txt,0,0,0,0.0000
PMC534100.txt,0,0,0,0.0000
PMC545935.txt,0,1,0,0.5774
PMC534114.txt,1,125,0,0.5820
PMC544395.txt,0,3,0,0.5774
PMC526276.txt,0,0,0,0.0000
PMC509295.txt,0,0,0,0.0000
PMC539356.txt,0,0,0,0.0000
PMC520834.txt,0,0,0,0.0000
PMC545060.txt,0,1,0,0.5774
PMC514549.txt,0,0,3,0.5774
PMC449896.txt,0,0,0,0.0000
PMC517726.txt,0,0,0,0.0000
PMC545074.txt,0,8,0,0.5774
PMC520820.txt,0,0,0,0.0000
PMC514575.txt,0,0,0,0.0000
PMC509242.txt,0,2,0,0.5774
PMC546233.txt,0,1,0,0.5774
PMC533874.txt,0,0,0,0.0000
PMC533860.txt,0,0,0,0.0000
PMC546227.txt,0,0,0,0.0000
PMC544356.txt,0,0,0,0.0000
PMC514561.txt,0,0,0,0.0000
PMC545048.txt,0,3,0,0.5774
PMC535342.txt,0,8,0,0.5774
PMC506788.txt,0,6,0,0.5774
PMC535424.txt,0,0,0,0.0000
PMC553979.txt,0,0,1,0.5774
PMC539236.txt,0,2,0,0.5774
PMC524501.txt,0,1,0,0.5774
PMC544593.txt,0,0,0,0.0000
PMC554780.txt,0,0,0,0.0000
PMC544587.txt,0,0,0,0.0000
PMC521486.txt,0,0,0,0.0000
PMC549048.txt,0,0,2,0.5774
PMC551607.txt,0,0,0,0.0000
PMC551613.txt,0,2,0,0.5774
PMC544578.txt,0,0,0,0.0000
PMC522825.txt,0,0,2,0.5774
PMC532388.txt,0,0,0,0.0000
PMC521492.txt,0,0,1,0.5774
PMC546409.txt,0,0,1,0.5774
PMC553992.txt,0,6,0,0.5774
PMC549712.txt,0,2,0,0.5774
PMC549074.txt,1,2,0,0.7746
PMC544550.txt,0,0,0,0.0000
PMC552332.txt,0,12,0,0.5774
PMC544544.txt,0,1,0,0.5774
PMC522819.txt,0,0,1,0.5774
PMC552326.txt,0,0,0,0.0000
PMC553986.txt,0,0,0,0.0000
PMC340948.txt,0,0,0,0.0000
PMC515284.txt,0,1,0,0.5774
PMC517493.txt,0,7,0,0.5774
PMC503394.txt,0,0,0,0.0000
PMC516799.txt,0,16,0,0.5774
PMC439008.txt,0,0,0,0.0000
PMC544961.txt,0,0,0,0.0000
PMC546186.txt,0,0,0,0.0000
PMC544949.txt,0,0,0,0.0000
PMC393292.txt,0,1,0,0.5774
PMC340960.txt,0,0,0,0.0000
PMC555850.txt,0,1,0,0.5774
PMC546192.txt,0,0,0,0.0000
PMC314464.txt,0,0,0,0.0000
PMC516028.txt,0,0,0,0.0000
PMC521684.txt,0,2,0,0.5774
PMC549538.txt,0,0,1,0.5774
PMC314470.txt,0,0,0,0.0000
PMC521690.txt,0,0,1,0.5774
PMC548140.txt,0,0,0,0.0000
PMC516772.txt,0,0,0,0.0000
PMC535815.txt,0,0,0,0.0000
PMC514603.txt,0,5,0,0.5774
PMC548144.txt,0,51,0,0.5774
PMC314474.txt,0,0,0,0.0000
PMC516038.txt,0,0,1,0.5774
PMC521694.txt,0,0,0,0.0000
PMC549528.txt,0,0,0,0.0000
PMC548150.txt,0,0,0,0.0000
PMC535805.txt,1,0,0,0.5774
PMC514613.txt,0,0,0,0.0000
PMC535811.txt,0,5,0,0.5774
PMC514607.txt,0,0,0,0.0000
PMC549514.txt,0,0,0,0.0000
PMC516776.txt,0,0,0,0.0000
PMC544965.txt,0,0,2,0.5774
PMC340958.txt,0,0,0,0.0000
PMC518968.txt,0,4,0,0.5774
PMC503390.txt,0,0,3,0.5774
PMC512289.txt,0,0,0,0.0000
PMC516789.txt,0,0,0,0.0000
PMC517497.txt,0,0,1,0.5774
PMC546196.txt,0,0,0,0.0000
PMC544959.txt,0,0,0,0.0000
PMC340964.txt,0,0,0,0.0000
PMC555854.txt,0,0,0,0.0000
PMC521496.txt,1,0,0,0.5774
PMC543575.txt,0,0,0,0.0000
PMC522821.txt,0,0,0,0.0000
PMC497042.txt,0,0,0,0.0000
PMC551603.txt,0,0,0,0.0000
PMC544568.txt,0,0,0,0.0000
PMC532398.txt,0,0,0,0.0000
PMC546419.txt,0,0,0,0.0000
PMC553982.txt,0,0,0,0.0000
PMC549064.txt,0,16,0,0.5774
PMC544540.txt,0,0,0,0.0000
PMC522809.txt,1,14,0,0.6170
PMC552336.txt,0,17,0,0.5774
PMC544554.txt,0,0,0,0.0000
PMC549070.txt,0,3,0,0.5774
PMC553996.txt,0,0,0,0.0000
PMC547908.txt,0,0,2,0.5774
PMC535346.txt,0,0,0,0.0000
PMC554974.txt,0,0,0,0.0000
PMC535352.txt,0,0,0,0.0000
PMC553969.txt,0,0,0,0.0000
PMC524511.txt,0,0,0,0.0000
PMC544583.txt,0,0,1,0.5774
PMC544597.txt,0,0,0,0.0000
PMC554784.txt,0,0,0,0.0000
PMC524505.txt,0,1,1,0.8165
PMC539232.txt,0,0,0,0.0000
PMC520824.txt,0,0,1,0.5774
PMC514559.txt,0,0,0,0.0000
PMC545070.txt,0,0,2,0.5774
PMC533858.txt,0,2,0,0.5774
PMC517722.txt,0,0,0,0.0000
PMC545064.txt,0,0,0,0.0000
PMC520830.txt,0,0,0,0.0000
PMC514565.txt,0,0,0,0.0000
PMC544352.txt,0,0,0,0.0000
PMC520818.txt,0,0,0,0.0000
PMC509252.txt,0,0,126,0.5774
PMC546223.txt,0,0,0,0.0000
PMC533864.txt,0,2,0,0.5774
PMC555539.txt,0,0,0,0.0000
PMC533870.txt,0,0,0,0.0000
PMC546237.txt,0,0,0,0.0000
PMC509246.txt,0,0,1,0.5774
PMC547897.txt,0,0,0,0.0000
PMC545058.txt,0,3,0,0.5774
PMC514571.txt,0,18,0,0.5774
PMC544346.txt,0,5,0,0.5774
PMC535554.txt,0,0,0,0.0000
PMC449851.txt,0,0,0,0.0000
PMC517939.txt,0,0,0,0.0000
PMC535540.txt,0,0,0,0.0000
PMC509291.txt,0,0,1,0.5774
PMC539352.txt,0,0,0,0.0000
PMC535568.txt,0,1,0,0.5774
PMC534110.txt,0,1,1,0.8165
PMC534104.txt,0,0,1,0.5774
PMC524471.txt,0,4,0,0.5774
PMC509285.txt,0,0,0,0.0000
PMC521086.txt,0,0,0,0.0000
PMC523849.txt,0,2,0,0.5774
PMC385219.txt,0,0,0,0.0000
PMC546009.txt,0,0,0,0.0000
PMC517508.txt,0,0,0,0.0000
PMC406405.txt,0,0,0,0.0000
PMC550657.txt,0,0,0,0.0000
PMC406388.txt,0,27,0,0.5774
PMC368178.txt,0,0,0,0.0000
PMC529419.txt,0,0,0,0.0000
PMC538272.txt,0,0,1,0.5774
PMC538266.txt,0,0,0,0.0000
PMC423134.txt,0,3,0,0.5774
PMC529425.txt,0,0,0,0.0000
PMC521079.txt,0,0,4,0.5774
PMC544193.txt,0,0,0,0.0000
PMC544187.txt,0,0,0,0.0000
PMC544839.txt,0,0,0,0.0000
PMC529431.txt,0,0,1,0.5774
PMC529430.txt,0,5,0,0.5774
PMC544838.txt,0,3,0,0.5774
PMC521078.txt,0,0,0,0.0000
PMC529424.txt,0,0,0,0.0000
PMC544192.txt,0,0,0,0.0000
PMC538267.txt,0,0,0,0.0000
PMC423135.txt,0,0,0,0.0000
PMC368179.txt,0,2,0,0.5774
PMC406389.txt,0,0,0,0.0000
PMC538273.txt,0,0,0,0.0000
PMC548794.txt,0,0,0,0.0000
PMC406404.txt,0,0,0,0.0000
PMC523860.txt,0,0,0,0.0000
PMC517509.txt,0,0,0,0.0000
PMC546008.txt,0,0,0,0.0000
PMC523848.txt,0,0,0,0.0000
PMC534105.txt,0,0,0,0.0000
PMC509284.txt,0,0,1,0.5774
PMC535569.txt,0,0,0,0.0000
PMC539353.txt,0,0,0,0.0000
PMC509290.txt,0,0,0,0.0000
PMC534111.txt,0,0,0,0.0000
PMC517938.txt,0,3,0,0.5774
PMC535541.txt,0,0,0,0.0000
PMC535555.txt,0,0,0,0.0000
PMC546236.txt,0,0,1,0.5774
PMC533871.txt,0,0,0,0.0000
PMC544347.txt,0,0,0,0.0000
PMC514570.txt,0,8,0,0.5774
PMC545059.txt,0,0,0,0.0000
PMC547896.txt,0,0,26,0.5774
PMC509247.txt,0,0,0,0.0000
PMC520819.txt,0,0,1,0.5774
PMC514564.txt,1,0,0,0.5774
PMC555538.txt,0,3,0,0.5774
PMC533865.txt,0,0,0,0.0000
PMC546222.txt,0,0,0,0.0000
PMC517723.txt,1,0,0,0.5774
PMC520831.txt,0,0,0,0.0000
PMC526298.txt,1,0,1,0.8165
PMC545065.txt,0,0,1,0.5774
PMC545071.txt,0,0,0,0.0000
PMC514558.txt,0,0,0,0.0000
PMC520825.txt,0,0,0,0.0000
PMC533859.txt,0,0,1,0.5774
PMC532400.txt,0,0,0,0.0000
PMC554785.txt,0,0,0,0.0000
PMC544596.txt,0,5,0,0.5774
PMC539233.txt,0,0,0,0.0000
PMC524504.txt,0,0,1,0.5774
PMC524510.txt,0,0,1,0.5774
PMC544582.txt,0,0,1,0.5774
PMC535353.txt,0,0,0,0.0000
PMC553968.txt,0,0,0,0.0000
PMC547909.txt,0,0,0,0.0000
PMC554975.txt,0,9,0,0.5774
PMC535347.txt,0,0,0,0.0000
PMC544555.txt,0,0,0,0.0000
PMC522808.txt,0,3,0,0.5774
PMC553997.txt,0,0,0,0.0000
PMC553983.txt,1,0,104,0.5829
PMC544541.txt,0,0,0,0.0000
PMC552323.txt,0,0,0,0.0000
PMC549065.txt,0,0,0,0.0000
PMC544569.txt,0,0,0,0.0000
PMC555464.txt,0,0,0,0.0000
PMC551602.txt,0,1,0,0.5774
PMC521483.txt,0,0,5,0.5774
PMC546418.txt,0,0,0,0.0000
PMC532399.txt,0,0,0,0.0000
PMC543574.txt,0,0,0,0.0000
PMC521497.txt,0,1,0,0.5774
PMC551616.txt,0,0,0,0.0000
PMC522820.txt,0,0,1,0.5774
PMC544958.txt,0,1,0,0.5774
PMC546197.txt,0,0,0,0.0000
PMC503385.txt,0,0,0,0.0000
PMC512288.txt,0,0,0,0.0000
PMC517496.txt,0,0,0,0.0000
PMC516788.txt,0,0,0,0.0000
PMC518969.txt,0,0,0,0.0000
PMC515295.txt,0,15,0,0.5774
PMC340959.txt,0,0,0,0.0000
PMC544964.txt,0,0,0,0.0000
PMC503391.txt,0,0,0,0.0000
PMC549515.txt,0,0,1,0.5774
PMC514606.txt,0,0,0,0.0000
PMC535810.txt,0,1,0,0.5774
PMC516777.txt,0,0,0,0.0000
PMC514612.txt,0,0,0,0.0000
PMC535804.txt,0,0,0,0.0000
PMC549529.txt,0,0,2,0.5774
PMC521681.txt,0,1,0,0.5774
PMC548151.txt,0,0,0,0.0000
PMC548145.txt,0,0,0,0.0000
PMC516039.txt,0,0,0,0.0000
PMC521695.txt,0,0,0,0.0000
PMC314475.txt,0,0,0,0.0000
PMC314463.txt,0,0,0,0.0000
PMC521683.txt,0,0,0,0.0000
PMC314477.txt,0,0,0,0.0000
PMC521697.txt,0,0,3,0.5774
PMC548147.txt,0,0,0,0.0000
PMC516775.txt,0,5,0,0.5774
PMC535812.txt,0,0,0,0.0000
PMC514604.txt,0,0,1,0.5774
PMC439782.txt,0,0,0,0.0000
PMC549517.txt,0,0,0,0.0000
PMC535806.txt,0,0,0,0.0000
PMC514610.txt,1,0,0,0.5774
PMC517494.txt,0,0,0,0.0000
PMC503387.txt,0,0,0,0.0000
PMC503393.txt,0,0,2,0.5774
PMC515297.txt,0,0,2,0.5774
PMC545488.txt,0,0,1,0.5774
PMC546195.txt,0,35,0,0.5774
PMC551600.txt,0,0,0,0.0000
PMC552309.txt,0,0,0,0.0000
PMC554778.txt,0,0,0,0.0000
PMC522822.txt,0,0,1,0.5774
PMC534098.txt,0,0,0,0.0000
PMC551614.txt,0,0,1,0.5774
PMC521495.txt,0,0,1,0.5774
PMC509319.txt,0,0,0,0.0000
PMC543576.txt,0,1,0,0.5774
PMC553995.txt,0,0,1,0.5774
PMC552335.txt,0,0,0,0.0000
PMC544557.txt,0,15,0,0.5774
PMC549073.txt,0,0,0,0.0000
PMC552321.txt,0,0,0,0.0000
PMC554988.txt,0,0,2,0.5774
PMC544543.txt,0,0,0,0.0000
PMC553981.txt,0,0,0,0.0000
PMC535351.txt,0,0,0,0.0000
PMC535345.txt,0,0,0,0.0000
PMC524248.txt,0,0,0,0.0000
PMC554977.txt,0,0,8,0.5774
PMC520748.txt,0,1,0,0.5774
PMC524506.txt,0,0,0,0.0000
PMC539231.txt,0,0,0,0.0000
PMC544594.txt,0,3,0,0.5774
PMC554787.txt,0,0,0,0.0000
PMC524260.txt,0,0,0,0.0000
PMC544580.txt,0,1,0,0.5774
PMC546397.txt,0,0,0,0.0000
PMC524512.txt,0,0,0,0.0000
PMC400249.txt,0,0,0,0.0000
PMC545067.txt,0,0,0,0.0000
PMC520833.txt,0,9,0,0.5774
PMC509279.txt,0,0,0,0.0000
PMC517721.txt,0,0,0,0.0000
PMC546208.txt,0,2,0,0.5774
PMC449891.txt,0,0,0,0.0000
PMC520827.txt,0,0,0,0.0000
PMC524499.txt,0,23,0,0.5774
PMC545073.txt,0,0,0,0.0000
PMC509245.txt,0,0,0,0.0000
PMC514572.txt,0,1,0,0.5774
PMC544345.txt,0,3,0,0.5774
PMC533873.txt,3,0,0,0.5774
PMC546234.txt,0,0,1,0.5774
PMC546220.txt,0,0,0,0.0000
PMC517709.txt,0,0,0,0.0000
PMC533867.txt,0,0,0,0.0000
PMC514566.txt,0,1,0,0.5774
PMC544351.txt,0,0,0,0.0000
PMC509251.txt,0,0,1,0.5774
PMC526259.txt,0,0,0,0.0000
PMC535543.txt,0,0,0,0.0000
PMC449846.txt,0,0,0,0.0000
PMC535557.txt,0,0,0,0.0000
PMC524472.txt,0,0,0,0.0000
PMC534107.txt,0,0,0,0.0000
PMC534113.txt,0,0,0,0.0000
PMC509292.txt,0,2,0,0.5774
PMC539351.txt,0,1,0,0.5774
PMC550668.txt,0,0,5,0.5774
PMC521085.txt,0,3,0,0.5774
PMC550654.txt,0,0,0,0.0000
PMC515308.txt,0,0,0,0.0000
PMC406406.txt,0,0,0,0.0000
PMC555738.txt,0,0,0,0.0000
PMC423137.txt,0,0,0,0.0000
PMC538265.txt,0,0,0,0.0000
PMC538271.txt,0,0,1,0.5774
PMC555937.txt,0,0,0,0.0000
PMC529432.txt,0,0,0,0.0000
PMC538259.txt,0,0,2,0.5774
PMC544190.txt,0,0,0,0.0000
PMC529426.txt,0,0,0,0.0000
PMC544191.txt,0,0,0,0.0000
PMC529427.txt,0,0,0,0.0000
PMC529433.txt,0,0,0,0.0000
PMC538258.txt,0,0,1,0.5774
PMC538270.txt,0,0,0,0.0000
PMC423136.txt,0,0,0,0.0000
PMC538264.txt,0,11,1,0.6273
PMC555739.txt,0,0,0,0.0000
PMC515309.txt,0,0,0,0.0000
PMC546037.txt,0,0,0,0.0000
PMC550655.txt,0,0,0,0.0000
PMC406407.txt,0,0,0,0.0000
PMC521084.txt,0,0,0,0.0000
PMC550669.txt,0,0,0,0.0000
PMC534112.txt,0,0,2,0.5774
PMC539350.txt,0,0,0,0.0000
PMC509293.txt,0,0,0,0.0000
PMC509287.txt,0,0,0,0.0000
PMC524473.txt,0,0,0,0.0000
PMC534106.txt,0,0,1,0.5774
PMC535556.txt,0,0,0,0.0000
PMC535542.txt,1,39,0,0.5920
PMC526258.txt,0,0,0,0.0000
PMC533866.txt,0,0,0,0.0000
PMC517708.txt,0,0,0,0.0000
PMC546221.txt,0,5,0,0.5774
PMC509250.txt,0,0,0,0.0000
PMC544350.txt,0,0,0,0.0000
PMC514567.txt,0,0,0,0.0000
PMC544344.txt,0,0,0,0.0000
PMC514573.txt,0,0,0,0.0000
PMC509244.txt,0,6,0,0.5774
PMC546235.txt,0,0,0,0.0000
PMC533872.txt,0,3,0,0.5774
PMC545072.txt,0,4,0,0.5774
PMC524498.txt,0,0,0,0.0000
PMC520826.txt,0,0,1,0.5774
PMC509278.txt,0,0,0,0.0000
PMC520832.txt,0,0,2,0.5774
PMC545066.txt,0,2,0,0.5774
PMC546209.txt,0,0,0,0.0000
PMC517720.txt,0,0,1,0.5774
PMC544581.txt,0,1,0,0.5774
PMC524513.txt,0,0,0,0.0000
PMC539230.txt,0,0,0,0.0000
PMC524507.txt,0,5,0,0.5774
PMC524261.txt,0,0,0,0.0000
PMC554786.txt,0,0,0,0.0000
PMC544595.txt,0,0,4,0.5774
PMC554976.txt,0,0,0,0.0000
PMC524249.txt,0,0,0,0.0000
PMC535344.txt,0,4,0,0.5774
PMC520749.txt,0,10,1,0.6319
PMC535350.txt,0,3,0,0.5774
PMC544542.txt,0,0,0,0.0000
PMC554989.txt,0,1,0,0.5774
PMC552320.txt,0,1,0,0.5774
PMC549066.txt,1,5,0,0.6794
PMC553980.txt,0,8,0,0.5774
PMC553994.txt,0,0,0,0.0000
PMC544556.txt,0,0,1,0.5774
PMC545648.txt,0,0,0,0.0000
PMC552334.txt,0,0,0,0.0000
PMC551615.txt,0,0,0,0.0000
PMC534099.txt,0,0,0,0.0000
PMC522823.txt,0,0,0,0.0000
PMC543577.txt,0,2,0,0.5774
PMC509318.txt,0,0,0,0.0000
PMC516238.txt,0,0,0,0.0000
PMC521494.txt,0,0,0,0.0000
PMC554779.txt,0,0,1,0.5774
PMC552308.txt,0,0,1,0.5774
PMC551601.txt,0,0,0,0.0000
PMC497040.txt,0,0,0,0.0000
PMC546194.txt,0,0,0,0.0000
PMC545489.txt,0,0,0,0.0000
PMC515296.txt,0,0,0,0.0000
PMC517495.txt,0,0,0,0.0000
PMC503386.txt,0,0,0,0.0000
PMC514611.txt,0,0,0,0.0000
PMC535807.txt,0,0,0,0.0000
PMC528856.txt,0,0,0,0.0000
PMC516774.txt,0,20,1,0.6055
PMC549516.txt,0,0,0,0.0000
PMC439783.txt,1,5,0,0.6794
PMC514605.txt,0,9,0,0.5774
PMC535813.txt,0,0,0,0.0000
PMC521696.txt,0,5,0,0.5774
PMC314476.txt,0,0,0,0.0000
PMC548146.txt,0,0,0,0.0000
PMC548152.txt,0,0,1,0.5774
PMC521682.txt,0,0,0,0.0000
PMC314462.txt,0,0,0,0.0000
PMC549217.txt,0,49,0,0.5774
PMC549203.txt,0,0,0,0.0000
PMC548135.txt,0,0,0,0.0000
PMC521183.txt,0,0,0,0.0000
PMC212706.txt,0,0,0,0.0000
PMC514886.txt,0,0,0,0.0000
PMC387279.txt,0,0,0,0.0000
PMC549559.txt,0,0,0,0.0000
PMC514892.txt,0,0,0,0.0000
PMC544928.txt,0,0,0,0.0000
PMC539055.txt,0,0,0,0.0000
PMC539041.txt,0,0,0,0.0000
PMC529252.txt,0,0,0,0.0000
PMC548690.txt,1,0,0,0.5774
PMC548684.txt,0,0,0,0.0000
PMC539294.txt,1,8,1,0.7107
PMC522878.txt,0,1,0,0.5774
PMC509425.txt,0,0,1,0.5774
PMC546332.txt,0,0,0,0.0000
PMC539280.txt,2,0,0,0.5774
PMC300882.txt,0,0,0,0.0000
PMC526388.txt,0,0,0,0.0000
PMC549029.txt,0,0,0,0.0000
PMC509419.txt,0,0,2,0.5774
PMC534798.txt,0,0,1,0.5774
PMC526377.txt,0,0,0,0.0000
PMC539257.txt,0,0,0,0.0000
PMC554087.txt,0,0,0,0.0000
PMC554093.txt,0,0,0,0.0000
PMC539243.txt,0,0,1,0.5774
PMC517828.txt,0,0,0,0.0000
PMC535337.txt,0,0,2,0.5774
PMC548519.txt,0,0,1,0.5774
PMC519030.txt,0,0,0,0.0000
PMC549607.txt,0,6,0,0.5774
PMC555548.txt,0,0,0,0.0000
PMC515178.txt,0,0,2,0.5774
PMC545997.txt,0,0,0,0.0000
PMC527874.txt,0,0,0,0.0000
PMC519024.txt,0,1,0,0.5774
PMC509237.txt,0,2,0,0.5774
PMC514528.txt,0,4,2,0.7746
PMC543470.txt,0,0,0,0.0000
PMC555560.txt,0,0,0,0.0000
PMC543464.txt,0,2,0,0.5774
PMC526203.txt,0,30,0,0.5774
PMC524372.txt,0,0,0,0.0000
PMC545798.txt,0,2,0,0.5774
PMC545940.txt,0,0,0,0.0000
PMC524366.txt,0,0,2,0.5774
PMC534613.txt,0,0,1,0.5774
PMC539337.txt,0,0,0,0.0000
PMC526217.txt,0,0,0,0.0000
PMC434149.txt,0,0,0,0.0000
PMC548280.txt,0,0,0,0.0000
PMC545968.txt,0,0,0,0.0000
PMC517948.txt,0,0,0,0.0000
PMC548294.txt,0,0,0,0.0000
PMC535531.txt,0,0,0,0.0000
PMC535900.txt,0,0,1,0.5774
PMC514716.txt,0,0,0,0.0000
PMC514702.txt,0,0,0,0.0000
PMC551538.txt,0,0,0,0.0000
PMC523838.txt,0,0,1,0.5774
PMC545203.txt,0,0,0,0.0000
PMC535928.txt,0,0,0,0.0000
PMC555762.txt,0,0,0,0.0000
PMC529454.txt,0,0,0,0.0000
PMC555951.txt,0,0,0,0.0000
PMC524170.txt,0,0,0,0.0000
PMC212699.txt,0,0,0,0.0000
PMC555945.txt,0,1,0,0.5774
PMC544848.txt,0,0,2,0.5774
PMC524164.txt,0,0,0,0.0000
PMC526773.txt,0,0,0,0.0000
PMC529440.txt,0,0,0,0.0000
PMC544860.txt,0,1,0,0.5774
PMC423151.txt,0,0,0,0.0000
PMC529468.txt,0,0,2,0.5774
PMC374246.txt,0,0,0,0.0000
PMC423145.txt,0,0,0,0.0000
PMC544874.txt,0,0,0,0.0000
PMC544875.txt,0,0,0,0.0000
PMC423144.txt,0,0,12,0.5774
PMC529469.txt,0,0,1,0.5774
PMC423150.txt,0,0,8,0.5774
PMC212698.txt,0,11,0,0.5774
PMC529441.txt,0,0,1,0.5774
PMC526772.txt,0,0,0,0.0000
PMC524165.txt,0,0,0,0.0000
PMC544849.txt,0,5,0,0.5774
PMC555944.txt,0,0,0,0.0000
PMC524171.txt,0,1,0,0.5774
PMC555950.txt,0,0,0,0.0000
PMC529455.txt,1,0,237,0.5798
PMC526766.txt,0,0,0,0.0000
PMC545216.txt,0,0,0,0.0000
PMC535929.txt,0,0,0,0.0000
PMC555763.txt,0,0,1,0.5774
PMC523839.txt,0,0,0,0.0000
PMC545202.txt,0,0,3,0.5774
PMC514703.txt,0,2,0,0.5774
PMC551539.txt,0,1,0,0.5774
PMC514717.txt,0,1,0,0.5774
PMC535901.txt,0,0,0,0.0000
PMC548295.txt,0,3,0,0.5774
PMC517949.txt,0,0,0,0.0000
PMC545969.txt,0,4,0,0.5774
PMC449821.txt,0,5,0,0.5774
PMC535530.txt,0,0,0,0.0000
PMC434148.txt,0,0,0,0.0000
PMC548281.txt,0,1,0,0.5774
PMC545955.txt,0,0,0,0.0000
PMC524367.txt,0,0,0,0.0000
PMC526216.txt,0,0,0,0.0000
PMC539322.txt,0,0,0,0.0000
PMC545941.txt,0,1,0,0.5774
PMC545799.txt,0,16,0,0.5774
PMC524373.txt,0,0,0,0.0000
PMC555561.txt,0,0,0,0.0000
PMC543465.txt,0,0,0,0.0000
PMC543471.txt,0,0,0,0.0000
PMC514529.txt,0,0,0,0.0000
PMC548524.txt,0,0,0,0.0000
PMC555575.txt,0,0,0,0.0000
PMC527875.txt,0,0,0,0.0000
PMC545996.txt,0,0,0,0.0000
PMC515179.txt,0,0,0,0.0000
PMC543459.txt,0,0,0,0.0000
PMC534809.txt,0,0,0,0.0000
PMC509236.txt,0,0,0,0.0000
PMC519025.txt,0,0,0,0.0000
PMC549606.txt,0,61,0,0.5774
PMC519031.txt,0,0,0,0.0000
PMC548518.txt,0,0,31,0.5774
PMC555549.txt,0,0,0,0.0000
PMC523232.txt,0,0,0,0.0000
PMC493283.txt,0,0,1,0.5774
PMC517829.txt,0,0,0,0.0000
PMC539242.txt,0,0,0,0.0000
PMC554092.txt,0,0,0,0.0000
PMC554086.txt,0,11,0,0.5774
PMC539256.txt,0,0,0,0.0000
PMC526376.txt,0,2,0,0.5774
PMC509418.txt,0,6,0,0.5774
PMC534799.txt,0,0,0,0.0000
PMC526389.txt,0,0,2,0.5774
PMC549028.txt,0,1,0,0.5774
PMC546333.txt,0,0,0,0.0000
PMC509424.txt,0,19,0,0.5774
PMC493268.txt,0,0,0,0.0000
PMC522879.txt,0,14,0,0.5774
PMC300883.txt,1,0,0,0.5774
PMC539281.txt,0,0,0,0.0000
PMC539295.txt,0,0,0,0.0000
PMC548685.txt,0,0,0,0.0000
PMC548691.txt,0,0,0,0.0000
PMC529253.txt,0,3,0,0.5774
PMC544929.txt,0,0,0,0.0000
PMC539054.txt,0,0,1,0.5774
PMC387287.txt,0,0,0,0.0000
PMC514893.txt,1,12,0,0.6233
PMC549558.txt,0,0,0,0.0000
PMC548134.txt,0,0,0,0.0000
PMC521182.txt,0,0,0,0.0000
PMC387278.txt,0,0,0,0.0000
PMC514887.txt,0,0,0,0.0000
PMC549202.txt,1,0,0,0.5774
PMC549216.txt,0,0,0,0.0000
PMC549200.txt,0,0,0,0.0000
PMC548678.txt,0,66,0,0.5774
PMC549214.txt,0,5,0,0.5774
PMC521194.txt,0,0,0,0.0000
PMC514891.txt,0,0,17,0.5774
PMC212705.txt,0,0,0,0.0000
PMC514885.txt,0,1,0,0.5774
PMC526189.txt,0,0,0,0.0000
PMC521180.txt,0,0,0,0.0000
PMC548136.txt,0,0,0,0.0000
PMC539042.txt,0,0,0,0.0000
PMC529251.txt,0,0,0,0.0000
PMC387285.txt,0,0,2,0.5774
PMC539056.txt,0,0,0,0.0000
PMC549599.txt,0,0,0,0.0000
PMC548687.txt,0,0,0,0.0000
PMC548693.txt,0,0,0,0.0000
PMC467102.txt,10,0,1,0.6319
PMC539283.txt,0,0,0,0.0000
PMC300881.txt,0,0,0,0.0000
PMC509426.txt,0,0,9,0.5774
PMC546331.txt,0,4,0,0.5774
PMC539297.txt,0,0,0,0.0000
PMC545604.txt,1,0,0,0.5774
PMC554090.txt,0,0,0,0.0000
PMC539240.txt,0,0,0,0.0000
PMC526374.txt,0,0,0,0.0000
PMC539254.txt,0,0,0,0.0000
PMC514488.txt,1,0,0,0.5774
PMC523230.txt,0,1,0,0.5774
PMC539268.txt,0,0,0,0.0000
PMC519027.txt,0,0,0,0.0000
PMC527877.txt,0,0,0,0.0000
PMC548268.txt,0,0,0,0.0000
PMC519033.txt,0,0,0,0.0000
PMC543467.txt,0,0,0,0.0000
PMC555563.txt,0,0,0,0.0000
PMC555577.txt,0,0,0,0.0000
PMC536007.txt,0,1,0,0.5774
PMC526214.txt,0,0,0,0.0000
PMC524365.txt,0,0,0,0.0000
PMC545957.txt,0,0,0,0.0000
PMC555588.txt,0,0,0,0.0000
PMC524371.txt,0,0,0,0.0000
PMC545943.txt,0,0,0,0.0000
PMC524359.txt,0,0,12,0.5774
PMC548297.txt,0,0,0,0.0000
PMC549189.txt,0,0,0,0.0000
PMC548283.txt,0,0,0,0.0000
PMC544888.txt,0,0,0,0.0000
PMC514701.txt,0,0,0,0.0000
PMC467089.txt,13,0,0,0.5774
PMC535903.txt,0,0,0,0.0000
PMC514715.txt,0,0,2,0.5774
PMC555749.txt,0,0,0,0.0000
PMC555761.txt,0,0,1,0.5774
PMC545214.txt,0,0,0,0.0000
PMC545200.txt,0,0,0,0.0000
PMC555946.txt,0,6,0,0.5774
PMC524167.txt,0,0,3,0.5774
PMC529443.txt,0,0,0,0.0000
PMC526770.txt,0,0,1,0.5774
PMC529325.txt,0,0,0,0.0000
PMC529457.txt,0,0,0,0.0000
PMC555952.txt,0,3,1,0.7303
PMC545599.txt,1,0,0,0.5774
PMC524173.txt,0,0,0,0.0000
PMC423146.txt,0,0,0,0.0000
PMC544877.txt,0,0,1,0.5774
PMC467062.txt,9,0,0,0.5774
PMC529319.txt,0,0,0,0.0000
PMC374245.txt,0,0,0,0.0000
PMC544863.txt,0,0,0,0.0000
PMC423152.txt,0,0,0,0.0000
PMC526758.txt,0,0,0,0.0000
PMC374244.txt,0,0,0,0.0000
PMC526759.txt,0,0,0,0.0000
PMC423153.txt,0,0,0,0.0000
PMC544862.txt,0,0,1,0.5774
PMC544876.txt,0,0,0,0.0000
PMC423147.txt,0,0,17,0.5774
PMC529318.txt,0,0,0,0.0000
PMC524172.txt,0,3,0,0.5774
PMC545598.txt,0,0,0,0.0000
PMC555953.txt,0,8,0,0.5774
PMC526765.txt,0,0,0,0.0000
PMC529456.txt,0,26,2,0.6199
PMC526771.txt,0,0,0,0.0000
PMC529442.txt,0,0,0,0.0000
PMC524166.txt,0,0,0,0.0000
PMC555947.txt,0,0,0,0.0000
PMC338072.txt,0,7,0,0.5774
PMC529324.txt,0,0,0,0.0000
PMC545201.txt,0,0,0,0.0000
PMC555760.txt,0,0,0,0.0000
PMC514714.txt,0,0,0,0.0000
PMC535902.txt,0,0,0,0.0000
PMC467088.txt,12,0,0,0.5774
PMC555748.txt,0,0,1,0.5774
PMC544889.txt,0,1,0,0.5774
PMC514700.txt,0,0,0,0.0000
PMC548282.txt,0,0,0,0.0000
PMC549188.txt,0,0,7,0.5774
PMC548296.txt,0,0,0,0.0000
PMC524358.txt,0,0,1,0.5774
PMC545942.txt,0,0,0,0.0000
PMC524370.txt,0,0,0,0.0000
PMC555589.txt,0,0,0,0.0000
PMC526215.txt,0,0,1,0.5774
PMC539335.txt,0,0,0,0.0000
PMC545956.txt,0,0,0,0.0000
PMC524364.txt,0,0,0,0.0000
PMC555576.txt,0,9,0,0.5774
PMC543472.txt,0,0,0,0.0000
PMC543466.txt,0,0,1,0.5774
PMC555562.txt,0,0,0,0.0000
PMC549605.txt,0,0,11,0.5774
PMC519032.txt,0,0,0,0.0000
PMC509235.txt,0,0,0,0.0000
PMC519026.txt,0,0,0,0.0000
PMC548269.txt,0,0,0,0.0000
PMC527876.txt,0,2,0,0.5774
PMC493280.txt,1,0,0,0.5774
PMC539269.txt,0,0,1,0.5774
PMC523231.txt,0,0,0,0.0000
PMC514489.txt,1,0,0,0.5774
PMC554085.txt,0,5,0,0.5774
PMC539255.txt,0,0,0,0.0000
PMC526375.txt,0,2,0,0.5774
PMC539241.txt,0,0,0,0.0000
PMC554091.txt,0,0,0,0.0000
PMC466976.txt,13,0,0,0.5774
PMC539296.txt,0,0,0,0.0000
PMC539282.txt,0,0,0,0.0000
PMC546330.txt,0,2,0,0.5774
PMC509427.txt,0,0,0,0.0000
PMC535889.txt,0,0,1,0.5774
PMC548692.txt,0,0,0,0.0000
PMC548686.txt,0,0,0,0.0000
PMC549598.txt,0,0,0,0.0000
PMC387284.txt,0,0,0,0.0000
PMC529250.txt,0,0,0,0.0000
PMC539043.txt,0,0,8,0.5774
PMC526188.txt,0,0,0,0.0000
PMC514884.txt,0,0,0,0.0000
PMC212704.txt,0,0,0,0.0000
PMC176548.txt,0,0,0,0.0000
PMC555600.txt,0,2,0,0.5774
PMC521181.txt,0,0,0,0.0000
PMC548137.txt,0,2,0,0.5774
PMC549215.txt,0,0,0,0.0000
PMC549201.txt,0,0,0,0.0000
PMC514894.txt,0,0,1,0.5774
PMC548133.txt,0,0,0,0.0000
PMC521185.txt,0,0,0,0.0000
PMC212700.txt,0,0,0,0.0000
PMC529297.txt,0,0,1,0.5774
PMC549563.txt,1,0,2,0.7746
PMC549205.txt,0,0,0,0.0000
PMC549211.txt,0,0,0,0.0000
PMC548669.txt,0,0,0,0.0000
PMC406512.txt,0,0,0,0.0000
PMC535899.txt,0,0,0,0.0000
PMC529268.txt,0,0,0,0.0000
PMC548682.txt,0,0,4,0.5774
PMC549588.txt,0,0,0,0.0000
PMC548696.txt,0,0,0,0.0000
PMC529254.txt,0,0,0,0.0000
PMC539047.txt,0,0,0,0.0000
PMC387280.txt,0,0,0,0.0000
PMC539053.txt,0,0,0,0.0000
PMC545601.txt,0,3,0,0.5774
PMC490028.txt,0,0,0,0.0000
PMC466966.txt,9,0,0,0.5774
PMC509423.txt,0,0,1,0.5774
PMC548319.txt,0,0,0,0.0000
PMC546334.txt,0,1,0,0.5774
PMC539286.txt,1,0,0,0.5774
PMC300884.txt,0,0,0,0.0000
PMC539292.txt,0,0,0,0.0000
PMC539279.txt,0,0,0,0.0000
PMC514499.txt,0,0,0,0.0000
PMC545198.txt,0,0,0,0.0000
PMC554095.txt,0,0,25,0.5774
PMC539245.txt,0,0,0,0.0000
PMC539251.txt,0,0,0,0.0000
PMC526371.txt,0,0,1,0.5774
PMC466999.txt,4,0,2,0.7746
PMC526417.txt,0,1,0,0.5774
PMC555566.txt,0,0,0,0.0000
PMC543462.txt,0,0,0,0.0000
PMC548523.txt,0,0,0,0.0000
PMC300700.txt,0,0,0,0.0000
PMC555572.txt,0,0,2,0.5774
PMC527872.txt,0,3,1,0.7303
PMC519022.txt,0,1,0,0.5774
PMC549601.txt,0,0,0,0.0000
PMC548279.txt,0,0,0,0.0000
PMC548292.txt,0,0,2,0.5774
PMC535537.txt,0,2,0,0.5774
PMC548286.txt,0,1,0,0.5774
PMC549198.txt,0,4,0,0.5774
PMC538749.txt,0,0,0,0.0000
PMC555599.txt,0,0,0,0.0000
PMC545952.txt,0,1,0,0.5774
PMC526211.txt,0,0,0,0.0000
PMC539331.txt,0,4,0,0.5774
PMC526205.txt,0,0,0,0.0000
PMC539325.txt,0,0,0,0.0000
PMC524374.txt,0,0,0,0.0000
PMC545946.txt,0,0,0,0.0000
PMC545211.txt,0,0,0,0.0000
PMC555764.txt,0,19,1,0.6069
PMC524189.txt,0,3,1,0.7303
PMC545205.txt,0,7,0,0.5774
PMC514704.txt,1,0,0,0.5774
PMC546042.txt,0,0,0,0.0000
PMC555758.txt,0,0,0,0.0000
PMC515368.txt,0,0,0,0.0000
PMC514710.txt,0,0,0,0.0000
PMC535906.txt,0,1,0,0.5774
PMC423143.txt,0,0,0,0.0000
PMC544872.txt,0,0,0,0.0000
PMC544866.txt,0,0,1,0.5774
PMC423157.txt,0,0,14,0.5774
PMC529308.txt,0,0,0,0.0000
PMC529320.txt,0,0,0,0.0000
PMC555943.txt,1,0,0,0.5774
PMC529446.txt,0,0,0,0.0000
PMC526775.txt,0,0,0,0.0000
PMC529452.txt,0,0,0,0.0000
PMC526761.txt,0,0,0,0.0000
PMC555957.txt,1,0,0,0.5774
PMC524176.txt,0,0,0,0.0000
PMC524177.txt,0,0,0,0.0000
PMC555956.txt,0,0,0,0.0000
PMC526760.txt,0,0,0,0.0000
PMC529453.txt,0,0,0,0.0000
PMC529321.txt,0,0,0,0.0000
PMC526774.txt,0,0,4,0.5774
PMC529447.txt,0,0,0,0.0000
PMC555942.txt,0,23,0,0.5774
PMC423156.txt,0,0,19,0.5774
PMC374241.txt,0,0,0,0.0000
PMC529309.txt,1,0,0,0.5774
PMC467066.txt,8,0,0,0.5774
PMC544873.txt,0,0,0,0.0000
PMC423142.txt,0,0,0,0.0000
PMC515369.txt,0,0,0,0.0000
PMC544898.txt,0,0,11,0.5774
PMC514711.txt,0,1,0,0.5774
PMC514705.txt,0,0,0,0.0000
PMC555759.txt,0,0,0,0.0000
PMC545204.txt,0,2,0,0.5774
PMC340127.txt,0,0,0,0.0000
PMC545210.txt,0,5,0,0.5774
PMC555765.txt,0,0,0,0.0000
PMC539324.txt,0,0,0,0.0000
PMC526204.txt,0,0,0,0.0000
PMC545947.txt,0,0,0,0.0000
PMC524375.txt,0,0,0,0.0000
PMC545953.txt,0,0,0,0.0000
PMC524361.txt,1,0,0,0.5774
PMC555598.txt,0,0,0,0.0000
PMC539330.txt,0,0,0,0.0000
PMC526210.txt,0,0,2,0.5774
PMC549199.txt,0,2,0,0.5774
PMC548287.txt,0,0,0,0.0000
PMC548293.txt,0,1,27,0.5983
PMC515180.txt,0,0,0,0.0000
PMC535536.txt,0,1,0,0.5774
PMC549600.txt,0,0,0,0.0000
PMC548278.txt,0,0,0,0.0000
PMC527873.txt,0,0,0,0.0000
PMC519023.txt,0,0,1,0.5774
PMC548522.txt,0,0,1,0.5774
PMC555567.txt,0,0,0,0.0000
PMC543463.txt,0,31,0,0.5774
PMC526370.txt,0,0,1,0.5774
PMC539250.txt,0,12,0,0.5774
PMC466998.txt,4,0,1,0.7001
PMC539244.txt,0,3,0,0.5774
PMC554094.txt,0,0,0,0.0000
PMC545199.txt,0,0,0,0.0000
PMC514498.txt,0,0,1,0.5774
PMC523234.txt,0,0,0,0.0000
PMC493285.txt,0,0,0,0.0000
PMC539278.txt,0,18,0,0.5774
PMC539293.txt,0,0,0,0.0000
PMC546335.txt,0,0,0,0.0000
PMC300885.txt,0,0,0,0.0000
PMC539287.txt,0,0,0,0.0000
PMC300675.txt,0,0,0,0.0000
PMC539052.txt,0,0,0,0.0000
PMC539046.txt,0,0,0,0.0000
PMC529255.txt,0,0,2,0.5774
PMC467106.txt,6,0,1,0.6644
PMC549589.txt,0,0,0,0.0000
PMC548683.txt,0,2,0,0.5774
PMC529269.txt,0,0,0,0.0000
PMC535898.txt,0,0,0,0.0000
PMC549210.txt,0,0,0,0.0000
PMC548668.txt,0,0,0,0.0000
PMC549562.txt,0,0,0,0.0000
PMC549204.txt,0,0,0,0.0000
PMC548132.txt,0,0,1,0.5774
PMC521184.txt,0,0,0,0.0000
PMC212701.txt,0,0,0,0.0000
PMC514895.txt,0,0,0,0.0000
PMC212703.txt,0,0,0,0.0000
PMC514883.txt,1,1,0,0.8165
PMC549548.txt,0,14,0,0.5774
PMC548130.txt,0,0,0,0.0000
PMC387268.txt,0,0,0,0.0000
PMC514897.txt,0,0,0,0.0000
PMC549212.txt,0,0,0,0.0000
PMC549206.txt,0,1,0,0.5774
PMC528834.txt,0,0,0,0.0000
PMC499543.txt,0,0,0,0.0000
PMC549560.txt,0,0,0,0.0000
PMC548695.txt,0,0,0,0.0000
PMC467104.txt,19,17,0,0.8152
PMC514698.txt,0,2,0,0.5774
PMC524029.txt,0,9,1,0.6376
PMC340938.txt,0,6,0,0.5774
PMC467110.txt,10,0,6,0.7921
PMC548681.txt,0,0,0,0.0000
PMC387283.txt,0,0,0,0.0000
PMC539050.txt,0,0,0,0.0000
PMC521179.txt,0,0,0,0.0000
PMC544939.txt,0,0,0,0.0000
PMC529257.txt,0,0,1,0.5774
PMC539044.txt,0,0,0,0.0000
PMC509408.txt,0,0,0,0.0000
PMC534789.txt,0,1,0,0.5774
PMC549038.txt,0,15,0,0.5774
PMC545602.txt,0,0,0,0.0000
PMC522869.txt,0,1,0,0.5774
PMC539291.txt,0,1,3,0.7303
PMC539285.txt,0,4,0,0.5774
PMC509420.txt,0,0,0,0.0000
PMC539252.txt,0,0,0,0.0000
PMC526372.txt,0,0,9,0.5774
PMC554096.txt,0,0,0,0.0000
PMC539246.txt,0,0,4,0.5774
PMC555571.txt,0,0,1,0.5774
PMC548520.txt,0,1,0,0.5774
PMC554109.txt,0,0,3,0.5774
PMC514539.txt,0,0,0,0.0000
PMC516448.txt,0,0,0,0.0000
PMC545776.txt,1,0,0,0.5774
PMC555565.txt,0,0,0,0.0000
PMC543449.txt,0,0,0,0.0000
PMC549602.txt,0,2,0,0.5774
PMC548508.txt,0,0,0,0.0000
PMC519021.txt,0,0,0,0.0000
PMC555559.txt,0,1,0,0.5774
PMC548285.txt,0,0,1,0.5774
PMC535534.txt,0,0,0,0.0000
PMC548291.txt,0,0,0,0.0000
PMC524377.txt,0,0,0,0.0000
PMC545945.txt,0,0,0,0.0000
PMC526206.txt,0,0,0,0.0000
PMC526212.txt,0,0,0,0.0000
PMC524363.txt,0,0,1,0.5774
PMC545951.txt,0,30,0,0.5774
PMC545206.txt,0,0,0,0.0000
PMC535939.txt,0,0,1,0.5774
PMC555767.txt,0,0,0,0.0000
PMC523829.txt,0,0,0,0.0000
PMC514713.txt,0,1,1,0.8165
PMC535905.txt,0,0,0,0.0000
PMC546041.txt,0,0,0,0.0000
PMC514707.txt,0,0,0,0.0000
PMC374243.txt,0,1,0,0.5774
PMC467070.txt,13,0,0,0.5774
PMC544865.txt,0,0,1,0.5774
PMC423154.txt,0,0,0,0.0000
PMC423140.txt,0,0,0,0.0000
PMC544871.txt,0,0,0,0.0000
PMC212688.txt,0,0,0,0.0000
PMC526762.txt,0,0,0,0.0000
PMC529451.txt,0,0,0,0.0000
PMC555954.txt,0,0,0,0.0000
PMC524175.txt,0,0,1,0.5774
PMC544859.txt,0,24,0,0.5774
PMC555940.txt,0,3,0,0.5774
PMC526776.txt,0,0,0,0.0000
PMC529445.txt,0,0,0,0.0000
PMC529323.txt,0,0,0,0.0000
PMC467058.txt,9,0,3,0.7303
PMC529444.txt,0,0,0,0.0000
PMC526777.txt,0,0,0,0.0000
PMC555941.txt,0,4,0,0.5774
PMC529322.txt,0,0,0,0.0000
PMC212689.txt,0,0,1,0.5774
PMC544858.txt,0,0,0,0.0000
PMC524174.txt,0,0,0,0.0000
PMC555955.txt,0,0,0,0.0000
PMC529450.txt,0,1,0,0.5774
PMC526763.txt,0,0,0,0.0000
PMC544870.txt,0,2,0,0.5774
PMC423141.txt,0,0,0,0.0000
PMC374242.txt,0,0,0,0.0000
PMC423155.txt,0,0,2,0.5774
PMC544864.txt,0,0,0,0.0000
PMC546040.txt,0,0,0,0.0000
PMC514706.txt,0,1,0,0.5774
PMC535904.txt,0,0,0,0.0000
PMC514712.txt,0,0,0,0.0000
PMC523828.txt,0,0,0,0.0000
PMC555766.txt,0,0,0,0.0000
PMC545213.txt,0,0,1,0.5774
PMC535938.txt,1,2,0,0.7746
PMC545207.txt,0,12,0,0.5774
PMC526213.txt,0,0,3,0.5774
PMC545950.txt,0,0,3,0.5774
PMC524362.txt,0,0,0,0.0000
PMC545944.txt,0,0,0,0.0000
PMC524376.txt,0,0,3,0.5774
PMC539327.txt,0,1,0,0.5774
PMC535535.txt,0,0,0,0.0000
PMC548290.txt,0,0,0,0.0000
PMC548284.txt,0,0,1,0.5774
PMC548509.txt,0,0,3,0.5774
PMC555558.txt,0,0,0,0.0000
PMC549603.txt,0,0,3,0.5774
PMC543448.txt,0,0,1,0.5774
PMC543460.txt,1,0,0,0.5774
PMC514538.txt,0,0,0,0.0000
PMC555564.txt,1,2,0,0.7746
PMC545777.txt,0,0,0,0.0000
PMC516449.txt,0,0,0,0.0000
PMC555570.txt,0,0,0,0.0000
PMC554108.txt,0,0,0,0.0000
PMC543474.txt,1,29,0,0.5969
PMC548521.txt,0,0,0,0.0000
PMC519008.txt,0,0,0,0.0000
PMC539247.txt,0,0,1,0.5774
PMC554097.txt,0,2,0,0.5774
PMC526373.txt,1,0,0,0.5774
PMC539253.txt,0,0,0,0.0000
PMC300886.txt,0,0,0,0.0000
PMC539284.txt,0,0,0,0.0000
PMC546336.txt,0,0,0,0.0000
PMC509421.txt,0,0,1,0.5774
PMC522868.txt,0,0,0,0.0000
PMC539290.txt,0,0,0,0.0000
PMC466970.txt,11,0,2,0.6713
PMC545603.txt,0,0,0,0.0000
PMC549039.txt,0,0,2,0.5774
PMC509409.txt,1,0,0,0.5774
PMC534788.txt,0,1,1,0.8165
PMC544938.txt,0,0,0,0.0000
PMC539045.txt,0,0,14,0.5774
PMC529256.txt,0,0,1,0.5774
PMC539051.txt,0,0,2,0.5774
PMC387282.txt,0,0,0,0.0000
PMC521178.txt,0,2,0,0.5774
PMC340939.txt,0,0,0,0.0000
PMC524028.txt,1,47,0,0.5895
PMC548680.txt,0,0,1,0.5774
PMC467111.txt,14,0,3,0.6855
PMC514699.txt,0,0,1,0.5774
PMC467105.txt,19,0,0,0.5774
PMC548694.txt,0,0,0,0.0000
PMC549207.txt,0,0,1,0.5774
PMC499542.txt,0,0,0,0.0000
PMC549561.txt,0,0,0,0.0000
PMC535864.txt,0,0,2,0.5774
PMC549213.txt,0,0,0,0.0000
PMC521193.txt,0,0,1,0.5774
PMC514896.txt,0,0,0,0.0000
PMC387269.txt,0,0,0,0.0000
PMC549549.txt,0,0,0,0.0000
PMC212702.txt,0,0,0,0.0000
PMC548131.txt,0,0,0,0.0000
PMC548128.txt,0,0,0,0.0000
PMC387264.txt,0,0,0,0.0000
PMC549550.txt,0,0,0,0.0000
PMC516040.txt,0,2,0,0.5774
PMC387270.txt,0,1,0,0.5774
PMC549544.txt,0,0,0,0.0000
PMC548672.txt,0,0,0,0.0000
PMC529298.txt,0,0,0,0.0000
PMC548666.txt,0,0,1,0.5774
PMC524025.txt,0,0,0,0.0000
PMC549593.txt,0,14,0,0.5774
PMC529267.txt,0,0,0,0.0000
PMC535896.txt,0,0,0,0.0000
PMC549587.txt,0,0,3,0.5774
PMC539060.txt,0,0,0,0.0000
PMC529273.txt,0,0,0,0.0000
PMC524031.txt,0,0,0,0.0000
PMC544935.txt,0,0,0,0.0000
PMC539048.txt,0,0,0,0.0000
PMC521175.txt,0,2,0,0.5774
PMC534791.txt,0,0,0,0.0000
PMC509410.txt,0,3,0,0.5774
PMC549034.txt,0,0,0,0.0000
PMC534785.txt,0,0,0,0.0000
PMC490027.txt,0,0,0,0.0000
PMC526381.txt,0,0,0,0.0000
PMC539289.txt,0,0,0,0.0000
PMC522871.txt,0,1,0,0.5774
PMC466941.txt,12,0,1,0.6233
PMC548302.txt,0,0,0,0.0000
PMC539276.txt,0,0,0,0.0000
PMC449785.txt,0,0,0,0.0000
PMC545801.txt,0,0,0,0.0000
PMC517821.txt,0,3,0,0.5774
PMC539262.txt,0,0,0,0.0000
PMC514496.txt,0,0,2,0.5774
PMC545197.txt,0,0,0,0.0000
PMC514535.txt,0,0,0,0.0000
PMC554111.txt,0,0,1,0.5774
PMC555569.txt,0,6,0,0.5774
PMC516444.txt,0,0,0,0.0000
PMC516450.txt,0,0,0,0.0000
PMC554105.txt,0,0,0,0.0000
PMC519005.txt,0,0,0,0.0000
PMC543451.txt,0,0,0,0.0000
PMC534801.txt,0,0,0,0.0000
PMC548504.txt,0,0,0,0.0000
PMC548262.txt,0,0,0,0.0000
PMC555555.txt,0,0,0,0.0000
PMC548276.txt,0,0,0,0.0000
PMC548510.txt,0,0,0,0.0000
PMC543445.txt,0,0,0,0.0000
PMC534815.txt,0,0,0,0.0000
PMC535538.txt,0,5,0,0.5774
PMC434154.txt,1,0,0,0.5774
PMC539302.txt,0,0,0,0.0000
PMC517941.txt,0,0,0,0.0000
PMC524353.txt,0,0,0,0.0000
PMC545961.txt,0,0,5,0.5774
PMC548289.txt,0,0,0,0.0000
PMC549197.txt,1,1,0,0.8165
PMC555596.txt,0,0,0,0.0000
PMC545785.txt,0,0,0,0.0000
PMC538752.txt,0,0,5,0.5774
PMC555582.txt,0,0,0,0.0000
PMC545949.txt,0,0,0,0.0000
PMC523825.txt,0,0,0,0.0000
PMC535935.txt,0,0,0,0.0000
PMC524186.txt,0,0,1,0.5774
PMC523831.txt,0,0,0,0.0000
PMC551519.txt,0,0,2,0.5774
PMC544882.txt,1,0,0,0.5774
PMC515373.txt,0,0,0,0.0000
PMC551531.txt,0,0,0,0.0000
PMC535909.txt,0,0,0,0.0000
PMC544896.txt,0,0,0,0.0000
PMC555743.txt,0,0,0,0.0000
PMC515367.txt,0,0,0,0.0000
PMC529313.txt,0,0,0,0.0000
PMC529307.txt,0,0,0,0.0000
PMC423158.txt,0,0,0,0.0000
PMC529461.txt,0,0,0,0.0000
PMC544869.txt,0,10,0,0.5774
PMC529449.txt,0,0,0,0.0000
PMC544841.txt,0,12,2,0.6644
PMC212690.txt,0,0,0,0.0000
PMC555958.txt,0,0,2,0.5774
PMC545593.txt,0,0,0,0.0000
PMC544855.txt,0,0,0,0.0000
PMC524179.txt,0,0,0,0.0000
PMC524178.txt,0,0,2,0.5774
PMC544854.txt,0,7,0,0.5774
PMC555959.txt,0,0,1,0.5774
PMC544840.txt,0,0,1,0.5774
PMC529448.txt,0,0,0,0.0000
PMC322746.txt,0,2,0,0.5774
PMC514911.txt,0,0,1,0.5774
PMC467055.txt,6,0,0,0.5774
PMC212691.txt,0,18,0,0.5774
PMC529306.txt,0,0,1,0.5774
PMC544868.txt,0,1,0,0.5774
PMC529460.txt,0,0,1,0.5774
PMC423159.txt,0,0,0,0.0000
PMC467069.txt,11,4,0,0.7399
PMC261870.txt,0,0,0,0.0000
PMC515366.txt,0,0,0,0.0000
PMC555742.txt,0,2,0,0.5774
PMC544897.txt,0,0,28,0.5774
PMC515372.txt,0,0,0,0.0000
PMC544883.txt,0,1,0,0.5774
PMC555756.txt,0,0,1,0.5774
PMC467096.txt,12,0,5,0.7550
PMC535934.txt,0,0,1,0.5774
PMC524187.txt,0,0,2,0.5774
PMC523824.txt,0,0,1,0.5774
PMC526784.txt,0,0,0,0.0000
PMC545948.txt,0,0,0,0.0000
PMC555583.txt,0,0,0,0.0000
PMC538753.txt,0,0,0,0.0000
PMC545784.txt,0,2,0,0.5774
PMC555597.txt,0,0,0,0.0000
PMC549196.txt,0,3,0,0.5774
PMC548288.txt,0,2,0,0.5774
PMC479041.txt,1,12,0,0.6233
PMC539303.txt,0,3,0,0.5774
PMC434155.txt,0,0,0,0.0000
PMC535539.txt,0,0,0,0.0000
PMC545960.txt,0,0,0,0.0000
PMC517940.txt,0,0,1,0.5774
PMC548277.txt,0,0,17,0.5774
PMC555540.txt,0,0,0,0.0000
PMC543444.txt,0,0,0,0.0000
PMC548511.txt,0,0,0,0.0000
PMC548505.txt,0,0,0,0.0000
PMC534800.txt,0,0,0,0.0000
PMC543450.txt,0,0,0,0.0000
PMC555554.txt,0,0,1,0.5774
PMC548263.txt,0,22,0,0.5774
PMC516451.txt,0,0,0,0.0000
PMC519004.txt,0,0,0,0.0000
PMC554104.txt,0,0,0,0.0000
PMC554110.txt,0,1,0,0.5774
PMC514534.txt,0,0,0,0.0000
PMC516445.txt,0,0,0,0.0000
PMC555568.txt,0,0,0,0.0000
PMC466997.txt,2,0,1,0.7746
PMC545196.txt,0,0,0,0.0000
PMC517808.txt,0,0,0,0.0000
PMC517820.txt,0,1,0,0.5774
PMC545800.txt,0,0,0,0.0000
PMC514497.txt,0,0,1,0.5774
PMC539263.txt,0,0,0,0.0000
PMC539277.txt,0,0,0,0.0000
PMC449784.txt,0,1,0,0.5774
PMC517834.txt,0,0,0,0.0000
PMC548303.txt,0,2,0,0.5774
PMC493275.txt,0,0,0,0.0000
PMC539288.txt,0,0,0,0.0000
PMC466940.txt,5,0,0,0.5774
PMC526380.txt,0,10,0,0.5774
PMC490026.txt,0,0,0,0.0000
PMC534784.txt,0,0,0,0.0000
PMC534790.txt,0,0,22,0.5774
PMC549035.txt,0,0,0,0.0000
PMC509411.txt,0,0,0,0.0000
PMC521174.txt,0,0,0,0.0000
PMC544934.txt,0,0,0,0.0000
PMC539049.txt,0,0,0,0.0000
PMC529272.txt,0,0,2,0.5774
PMC539061.txt,0,4,0,0.5774
PMC549586.txt,0,0,2,0.5774
PMC524024.txt,0,0,0,0.0000
PMC535897.txt,0,0,0,0.0000
PMC529266.txt,0,0,1,0.5774
PMC549592.txt,0,0,13,0.5774
PMC548667.txt,0,6,0,0.5774
PMC511074.txt,0,0,0,0.0000
PMC528839.txt,0,0,0,0.0000
PMC529299.txt,0,0,0,0.0000
PMC548673.txt,0,0,0,0.0000
PMC406520.txt,0,0,0,0.0000
PMC549545.txt,0,0,0,0.0000
PMC387271.txt,0,0,0,0.0000
PMC526182.txt,0,0,0,0.0000
PMC516041.txt,0,4,1,0.7001
PMC548129.txt,0,0,0,0.0000
PMC549551.txt,0,4,0,0.5774
PMC387265.txt,0,0,0,0.0000
PMC516043.txt,0,2,0,0.5774
PMC526180.txt,0,0,0,0.0000
PMC387273.txt,0,0,0,0.0000
PMC514898.txt,0,0,0,0.0000
PMC526194.txt,0,0,1,0.5774
PMC387267.txt,0,0,0,0.0000
PMC549553.txt,0,1,0,0.5774
PMC548665.txt,0,0,2,0.5774
PMC548671.txt,0,0,0,0.0000
PMC549209.txt,0,0,5,0.5774
PMC514697.txt,0,0,0,0.0000
PMC549584.txt,0,0,0,0.0000
PMC529270.txt,0,0,1,0.5774
PMC549590.txt,0,0,0,0.0000
PMC529264.txt,0,0,1,0.5774
PMC524026.txt,0,0,0,0.0000
PMC340937.txt,0,0,1,0.5774
PMC521176.txt,0,0,2,0.5774
PMC529258.txt,0,0,0,0.0000
PMC544936.txt,0,0,0,0.0000
PMC534786.txt,0,0,0,0.0000
PMC526382.txt,0,1,0,0.5774
PMC509407.txt,0,6,0,0.5774
PMC509413.txt,0,0,0,0.0000
PMC549037.txt,0,0,0,0.0000
PMC516255.txt,0,0,0,0.0000
PMC534792.txt,0,0,0,0.0000
PMC548301.txt,0,1,0,0.5774
PMC522872.txt,0,2,0,0.5774
PMC539261.txt,0,2,1,0.7746
PMC514495.txt,0,0,0,0.0000
PMC545802.txt,0,0,0,0.0000
PMC517822.txt,0,1,0,0.5774
PMC539275.txt,0,0,0,0.0000
PMC526369.txt,0,102,0,0.5774
PMC539249.txt,0,4,0,0.5774
PMC545194.txt,0,0,0,0.0000
PMC554099.txt,0,5,0,0.5774
PMC554106.txt,0,0,0,0.0000
PMC519006.txt,0,0,0,0.0000
PMC549631.txt,0,0,1,0.5774
PMC545779.txt,0,10,0,0.5774
PMC516447.txt,0,0,0,0.0000
PMC554112.txt,0,0,0,0.0000
PMC548513.txt,0,0,0,0.0000
PMC543446.txt,0,1,0,0.5774
PMC555542.txt,0,0,1,0.5774
PMC548275.txt,0,0,0,0.0000
PMC555556.txt,1,0,0,0.5774
PMC534802.txt,0,0,0,0.0000
PMC543452.txt,0,0,0,0.0000
PMC548507.txt,1,0,1,0.8165
PMC479043.txt,0,0,0,0.0000
PMC549194.txt,0,0,2,0.5774
PMC517942.txt,0,0,0,0.0000
PMC545962.txt,0,0,1,0.5774
PMC539301.txt,0,0,4,0.5774
PMC526221.txt,0,0,0,0.0000
PMC526209.txt,0,0,2,0.5774
PMC538751.txt,0,0,0,0.0000
PMC555581.txt,0,0,0,0.0000
PMC524378.txt,0,0,0,0.0000
PMC555595.txt,0,0,2,0.5774
PMC523832.txt,0,0,0,0.0000
PMC535936.txt,0,0,0,0.0000
PMC545209.txt,0,0,0,0.0000
PMC514720.txt,0,0,0,0.0000
PMC524191.txt,0,5,0,0.5774
PMC523826.txt,0,0,0,0.0000
PMC544895.txt,0,2,0,0.5774
PMC555740.txt,0,0,0,0.0000
PMC467094.txt,12,2,0,0.6644
PMC514708.txt,0,0,2,0.5774
PMC555754.txt,0,0,1,0.5774
PMC544881.txt,0,0,0,0.0000
PMC515370.txt,0,1,0,0.5774
PMC551532.txt,0,3,0,0.5774
PMC529462.txt,0,0,0,0.0000
PMC529304.txt,0,0,0,0.0000
PMC529310.txt,0,0,0,0.0000
PMC544856.txt,0,3,0,0.5774
PMC212687.txt,0,0,0,0.0000
PMC212693.txt,0,0,0,0.0000
PMC526779.txt,0,0,0,0.0000
PMC212692.txt,0,0,0,0.0000
PMC544843.txt,0,1,0,0.5774
PMC526778.txt,0,0,0,0.0000
PMC544857.txt,0,1,1,0.8165
PMC467042.txt,10,1,7,0.8485
PMC529311.txt,0,2,0,0.5774
PMC529463.txt,0,0,1,0.5774
PMC529305.txt,0,0,0,0.0000
PMC514709.txt,0,0,0,0.0000
PMC551533.txt,0,10,0,0.5774
PMC515371.txt,0,0,0,0.0000
PMC544880.txt,0,1,0,0.5774
PMC555755.txt,0,1,0,0.5774
PMC515365.txt,0,0,0,0.0000
PMC555741.txt,0,0,1,0.5774
PMC544894.txt,0,1,0,0.5774
PMC528782.txt,0,0,0,0.0000
PMC535923.txt,0,0,0,0.0000
PMC523827.txt,0,0,0,0.0000
PMC524190.txt,0,0,0,0.0000
PMC524184.txt,0,0,0,0.0000
PMC514721.txt,0,0,0,0.0000
PMC545208.txt,0,0,0,0.0000
PMC535937.txt,0,0,0,0.0000
PMC509016.txt,0,2,0,0.5774
PMC555594.txt,0,2,1,0.7746
PMC526208.txt,0,0,0,0.0000
PMC524379.txt,0,0,0,0.0000
PMC555580.txt,0,0,0,0.0000
PMC538750.txt,0,0,0,0.0000
PMC545963.txt,0,2,0,0.5774
PMC517943.txt,0,0,0,0.0000
PMC526220.txt,1,3,0,0.7303
PMC539300.txt,0,0,0,0.0000
PMC479042.txt,1,0,0,0.5774
PMC549195.txt,0,0,2,0.5774
PMC555557.txt,0,0,0,0.0000
PMC350674.txt,0,0,0,0.0000
PMC548506.txt,0,0,0,0.0000
PMC543453.txt,0,0,1,0.5774
PMC534803.txt,0,1,0,0.5774
PMC543447.txt,0,0,1,0.5774
PMC548512.txt,0,1,0,0.5774
PMC548274.txt,0,2,1,0.7746
PMC555543.txt,0,0,0,0.0000
PMC516446.txt,0,0,1,0.5774
PMC545778.txt,0,1,0,0.5774
PMC554113.txt,1,2,0,0.7746
PMC514537.txt,0,21,0,0.5774
PMC549630.txt,0,0,0,0.0000
PMC519007.txt,0,0,0,0.0000
PMC554107.txt,0,0,0,0.0000
PMC554098.txt,0,0,0,0.0000
PMC545195.txt,0,0,0,0.0000
PMC539274.txt,0,0,0,0.0000
PMC514494.txt,0,0,0,0.0000
PMC547972.txt,0,1,0,0.5774
PMC539260.txt,0,0,0,0.0000
PMC517823.txt,0,0,0,0.0000
PMC522873.txt,0,8,0,0.5774
PMC548300.txt,0,0,0,0.0000
PMC466957.txt,5,4,0,0.8115
PMC549036.txt,0,0,1,0.5774
PMC509412.txt,0,0,0,0.0000
PMC534793.txt,0,0,2,0.5774
PMC526383.txt,0,0,0,0.0000
PMC534787.txt,0,0,1,0.5774
PMC509406.txt,0,0,0,0.0000
PMC529259.txt,1,0,0,0.5774
PMC544937.txt,0,0,0,0.0000
PMC521177.txt,0,0,0,0.0000
PMC535894.txt,0,0,0,0.0000
PMC529265.txt,0,0,0,0.0000
PMC549591.txt,0,0,0,0.0000
PMC524027.txt,0,0,0,0.0000
PMC524033.txt,0,0,0,0.0000
PMC529271.txt,0,0,0,0.0000
PMC539062.txt,0,0,0,0.0000
PMC549585.txt,0,0,0,0.0000
PMC548670.txt,0,2,0,0.5774
PMC549208.txt,0,0,0,0.0000
PMC549552.txt,0,4,0,0.5774
PMC387266.txt,0,0,0,0.0000
PMC526195.txt,0,0,2,0.5774
PMC549546.txt,0,0,1,0.5774
PMC387272.txt,0,0,0,0.0000
PMC526181.txt,0,0,0,0.0000
PMC516042.txt,0,2,0,0.5774
PMC548674.txt,0,5,0,0.5774
PMC499549.txt,0,0,0,0.0000
PMC526185.txt,0,0,0,0.0000
PMC549542.txt,0,0,0,0.0000
PMC387276.txt,0,0,0,0.0000
PMC176545.txt,0,4,0,0.5774
PMC514889.txt,0,0,0,0.0000
PMC526191.txt,0,0,11,0.5774
PMC549556.txt,0,0,0,0.0000
PMC529249.txt,0,3,0,0.5774
PMC544927.txt,0,0,1,0.5774
PMC521173.txt,0,0,0,0.0000
PMC539066.txt,0,0,0,0.0000
PMC524023.txt,0,0,0,0.0000
PMC549595.txt,0,0,3,0.5774
PMC529261.txt,0,0,2,0.5774
PMC535890.txt,0,0,0,0.0000
PMC466953.txt,10,5,0,0.7746
PMC548304.txt,0,0,0,0.0000
PMC546329.txt,0,3,0,0.5774
PMC522877.txt,0,0,0,0.0000
PMC493266.txt,0,0,0,0.0000
PMC534783.txt,1,3,0,0.7303
PMC526387.txt,0,0,0,0.0000
PMC534797.txt,0,0,0,0.0000
PMC509416.txt,0,2,0,0.5774
PMC549032.txt,0,0,0,0.0000
PMC554088.txt,0,0,0,0.0000
PMC539258.txt,0,0,0,0.0000
PMC526378.txt,0,5,0,0.5774
PMC535338.txt,0,0,0,0.0000
PMC517827.txt,0,0,0,0.0000
PMC514490.txt,1,9,0,0.6376
PMC523228.txt,0,0,0,0.0000
PMC539270.txt,0,0,1,0.5774
PMC517833.txt,0,0,0,0.0000
PMC555547.txt,0,0,0,0.0000
PMC350664.txt,0,0,0,0.0000
PMC548270.txt,0,0,0,0.0000
PMC548516.txt,0,0,0,0.0000
PMC549608.txt,0,29,0,0.5774
PMC534813.txt,0,0,0,0.0000
PMC543443.txt,0,0,0,0.0000
PMC534807.txt,0,0,0,0.0000
PMC543457.txt,0,1,0,0.5774
PMC548502.txt,0,0,1,0.5774
PMC548264.txt,0,0,0,0.0000
PMC545998.txt,0,0,0,0.0000
PMC515177.txt,0,0,1,0.5774
PMC555553.txt,0,0,0,0.0000
PMC212319.txt,0,11,0,0.5774
PMC514527.txt,0,0,1,0.5774
PMC554103.txt,0,0,0,0.0000
PMC317275.txt,0,0,0,0.0000
PMC519003.txt,0,0,0,0.0000
PMC514533.txt,0,0,2,0.5774
PMC516442.txt,0,0,2,0.5774
PMC545797.txt,1,37,0,0.5927
PMC555584.txt,0,0,0,0.0000
PMC526218.txt,0,0,3,0.5774
PMC539338.txt,0,0,0,0.0000
PMC545783.txt,0,0,0,0.0000
PMC555590.txt,0,1,0,0.5774
PMC524369.txt,0,0,0,0.0000
PMC517953.txt,0,0,1,0.5774
PMC549191.txt,0,0,0,0.0000
PMC479046.txt,0,0,0,0.0000
PMC434152.txt,0,0,0,0.0000
PMC539304.txt,0,0,0,0.0000
PMC517947.txt,0,0,0,0.0000
PMC549185.txt,1,9,0,0.6376
PMC524355.txt,0,14,0,0.5774
PMC514719.txt,0,0,0,0.0000
PMC544890.txt,0,0,1,0.5774
PMC555745.txt,0,0,1,0.5774
PMC555751.txt,0,0,0,0.0000
PMC544884.txt,0,0,0,0.0000
PMC515375.txt,0,0,0,0.0000
PMC551537.txt,0,0,0,0.0000
PMC535933.txt,0,0,0,0.0000
PMC524180.txt,0,0,1,0.5774
PMC523837.txt,0,0,1,0.5774
PMC526783.txt,0,0,0,0.0000
PMC535927.txt,0,0,0,0.0000
PMC467046.txt,13,2,0,0.6584
PMC544853.txt,0,6,0,0.5774
PMC423162.txt,0,0,0,0.0000
PMC526768.txt,0,0,1,0.5774
PMC544847.txt,0,1,0,0.5774
PMC212696.txt,0,0,0,0.0000
PMC529301.txt,0,0,3,0.5774
PMC529467.txt,0,0,4,0.5774
PMC526754.txt,0,0,0,0.0000
PMC529315.txt,0,1,0,0.5774
PMC529314.txt,0,0,0,0.0000
PMC529300.txt,0,0,0,0.0000
PMC526755.txt,0,0,0,0.0000
PMC529466.txt,0,0,0,0.0000
PMC535701.txt,1,0,0,0.5774
PMC467053.txt,7,0,0,0.5774
PMC212697.txt,0,0,0,0.0000
PMC467047.txt,9,1,2,0.7471
PMC526769.txt,0,1,0,0.5774
PMC545594.txt,0,0,0,0.0000
PMC544852.txt,0,0,0,0.0000
PMC526782.txt,0,1,0,0.5774
PMC535926.txt,0,0,0,0.0000
PMC535932.txt,0,0,1,0.5774
PMC523836.txt,0,0,0,0.0000
PMC524181.txt,0,0,0,0.0000
PMC551536.txt,0,0,0,0.0000
PMC515374.txt,0,0,0,0.0000
PMC544885.txt,0,0,0,0.0000
PMC555750.txt,0,0,0,0.0000
PMC548701.txt,0,7,0,0.5774
PMC514718.txt,0,0,0,0.0000
PMC555744.txt,0,0,0,0.0000
PMC544891.txt,0,0,0,0.0000
PMC539305.txt,0,0,0,0.0000
PMC434153.txt,0,0,0,0.0000
PMC524354.txt,0,0,0,0.0000
PMC517946.txt,0,0,0,0.0000
PMC549190.txt,0,0,0,0.0000
PMC517952.txt,0,0,0,0.0000
PMC539339.txt,0,0,0,0.0000
PMC526219.txt,0,0,0,0.0000
PMC524368.txt,0,0,0,0.0000
PMC555591.txt,0,0,0,0.0000
PMC545782.txt,0,1,0,0.5774
PMC555585.txt,0,0,0,0.0000
PMC545796.txt,0,0,0,0.0000
PMC538755.txt,0,0,1,0.5774
PMC554116.txt,0,0,0,0.0000
PMC514532.txt,0,0,10,0.5774
PMC516443.txt,0,0,4,0.5774
PMC519002.txt,0,5,0,0.5774
PMC554102.txt,0,0,0,0.0000
PMC548503.txt,0,0,6,0.5774
PMC509239.txt,0,0,0,0.0000
PMC543456.txt,0,0,0,0.0000
PMC534806.txt,0,6,0,0.5774
PMC555552.txt,0,45,1,0.5900
PMC545999.txt,0,0,0,0.0000
PMC548265.txt,0,0,0,0.0000
PMC548271.txt,0,0,0,0.0000
PMC555546.txt,0,0,0,0.0000
PMC534812.txt,0,0,0,0.0000
PMC548517.txt,0,0,0,0.0000
PMC539271.txt,0,0,2,0.5774
PMC523229.txt,0,7,0,0.5774
PMC517832.txt,0,0,0,0.0000
PMC517826.txt,0,0,1,0.5774
PMC535339.txt,0,0,0,0.0000
PMC514491.txt,0,4,0,0.5774
PMC539265.txt,0,0,1,0.5774
PMC526379.txt,0,0,0,0.0000
PMC539259.txt,0,0,8,0.5774
PMC554089.txt,0,0,0,0.0000
PMC534796.txt,0,0,0,0.0000
PMC526392.txt,0,0,0,0.0000
PMC549033.txt,0,0,0,0.0000
PMC509417.txt,0,0,0,0.0000
PMC526386.txt,0,0,0,0.0000
PMC522876.txt,0,14,0,0.5774
PMC546328.txt,0,0,0,0.0000
PMC548305.txt,0,0,0,0.0000
PMC493273.txt,0,0,0,0.0000
PMC535891.txt,0,9,2,0.6888
PMC529260.txt,0,0,0,0.0000
PMC549594.txt,0,0,0,0.0000
PMC529274.txt,0,0,0,0.0000
PMC524036.txt,0,0,3,0.5774
PMC544932.txt,0,0,0,0.0000
PMC529248.txt,0,6,0,0.5774
PMC521172.txt,0,6,0,0.5774
PMC387263.txt,0,7,0,0.5774
PMC549557.txt,0,0,0,0.0000
PMC526190.txt,0,0,0,0.0000
PMC514888.txt,0,0,0,0.0000
PMC387277.txt,0,0,0,0.0000
PMC549543.txt,0,0,0,0.0000
PMC526184.txt,0,1,0,0.5774
PMC499548.txt,0,0,0,0.0000
PMC548675.txt,0,0,0,0.0000
PMC548677.txt,0,3,0,0.5774
PMC526192.txt,0,0,0,0.0000
PMC548139.txt,0,0,2,0.5774
PMC526186.txt,0,0,0,0.0000
PMC516045.txt,0,0,0,0.0000
PMC549541.txt,0,3,0,0.5774
PMC387275.txt,0,0,0,0.0000
PMC176546.txt,0,0,0,0.0000
PMC514652.txt,0,2,0,0.5774
PMC544930.txt,0,0,0,0.0000
PMC526179.txt,0,0,0,0.0000
PMC539059.txt,0,0,0,0.0000
PMC549596.txt,0,0,4,0.5774
PMC529262.txt,0,0,0,0.0000
PMC548688.txt,0,0,0,0.0000
PMC535893.txt,0,0,0,0.0000
PMC524034.txt,0,0,0,0.0000
PMC549582.txt,0,0,0,0.0000
PMC539065.txt,0,0,0,0.0000
PMC517617.txt,0,3,0,0.5774
PMC522874.txt,0,14,0,0.5774
PMC466944.txt,6,0,2,0.7303
PMC539298.txt,0,0,0,0.0000
PMC493271.txt,0,0,0,0.0000
PMC509415.txt,0,0,0,0.0000
PMC549031.txt,0,0,0,0.0000
PMC526390.txt,0,0,0,0.0000
PMC534794.txt,0,0,1,0.5774
PMC526384.txt,0,0,5,0.5774
PMC531613.txt,0,0,0,0.0000
PMC517830.txt,0,0,0,0.0000
PMC539273.txt,0,0,0,0.0000
PMC539267.txt,0,0,0,0.0000
PMC514493.txt,0,0,0,0.0000
PMC517824.txt,0,0,0,0.0000
PMC527878.txt,0,0,0,0.0000
PMC548267.txt,0,0,1,0.5774
PMC555550.txt,0,19,0,0.5774
PMC543454.txt,0,0,0,0.0000
PMC534804.txt,0,11,1,0.6273
PMC519028.txt,0,0,0,0.0000
PMC548501.txt,0,25,0,0.5774
PMC548515.txt,0,0,2,0.5774
PMC534810.txt,0,0,0,0.0000
PMC350667.txt,0,2,0,0.5774
PMC555544.txt,0,0,0,0.0000
PMC548273.txt,0,25,0,0.5774
PMC516441.txt,0,0,0,0.0000
PMC514530.txt,0,0,0,0.0000
PMC554114.txt,0,0,0,0.0000
PMC543468.txt,0,0,0,0.0000
PMC514524.txt,0,0,0,0.0000
PMC554100.txt,0,7,0,0.5774
PMC519000.txt,0,0,0,0.0000
PMC555578.txt,0,0,0,0.0000
PMC545780.txt,0,0,0,0.0000
PMC555593.txt,0,0,0,0.0000
PMC545958.txt,0,0,1,0.5774
PMC536008.txt,0,0,0,0.0000
PMC555587.txt,0,0,0,0.0000
PMC548298.txt,0,0,0,0.0000
PMC517944.txt,0,0,0,0.0000
PMC549186.txt,0,0,2,0.5774
PMC524356.txt,0,0,0,0.0000
PMC545964.txt,0,0,0,0.0000
PMC434151.txt,0,6,0,0.5774
PMC539307.txt,0,0,0,0.0000
PMC479045.txt,0,0,0,0.0000
PMC545970.txt,0,0,0,0.0000
PMC517950.txt,0,0,0,0.0000
PMC549192.txt,0,0,1,0.5774
PMC555752.txt,0,0,0,0.0000
PMC544887.txt,0,0,0,0.0000
PMC515376.txt,0,0,0,0.0000
PMC551520.txt,0,14,0,0.5774
PMC544893.txt,0,0,0,0.0000
PMC555746.txt,0,0,0,0.0000
PMC535924.txt,0,2,0,0.5774
PMC526780.txt,0,0,0,0.0000
PMC523834.txt,0,0,0,0.0000
PMC535930.txt,0,0,0,0.0000
PMC212695.txt,0,2,0,0.5774
PMC467051.txt,8,0,1,0.6445
PMC555949.txt,0,0,0,0.0000
PMC524168.txt,0,12,0,0.5774
PMC544844.txt,0,0,0,0.0000
PMC544850.txt,0,9,0,0.5774
PMC545596.txt,0,3,0,0.5774
PMC423161.txt,0,0,0,0.0000
PMC529458.txt,0,0,1,0.5774
PMC467045.txt,9,0,0,0.5774
PMC529316.txt,0,0,0,0.0000
PMC544878.txt,0,0,0,0.0000
PMC423149.txt,0,0,8,0.5774
PMC529470.txt,0,0,0,0.0000
PMC526757.txt,0,0,0,0.0000
PMC529464.txt,0,0,0,0.0000
PMC467079.txt,9,0,1,0.6376
PMC529302.txt,0,0,0,0.0000
PMC555960.txt,0,0,0,0.0000
PMC529465.txt,0,0,0,0.0000
PMC526756.txt,0,0,0,0.0000
PMC529303.txt,0,0,0,0.0000
PMC529317.txt,0,1,0,0.5774
PMC529471.txt,0,0,0,0.0000
PMC423148.txt,0,0,0,0.0000
PMC544879.txt,0,0,0,0.0000
PMC529459.txt,0,0,0,0.0000
PMC423160.txt,0,0,0,0.0000
PMC545597.txt,0,2,0,0.5774
PMC544851.txt,0,0,0,0.0000
PMC535702.txt,0,0,0,0.0000
PMC212694.txt,0,0,0,0.0000
PMC544845.txt,0,0,0,0.0000
PMC524169.txt,0,7,0,0.5774
PMC555948.txt,0,0,0,0.0000
PMC523835.txt,0,0,0,0.0000
PMC524182.txt,0,0,0,0.0000
PMC535931.txt,0,0,0,0.0000
PMC535925.txt,0,1,0,0.5774
PMC526781.txt,0,0,0,0.0000
PMC555747.txt,0,0,0,0.0000
PMC544892.txt,0,0,0,0.0000
PMC528784.txt,0,17,0,0.5774
PMC467093.txt,10,1,2,0.7325
PMC551535.txt,0,2,0,0.5774
PMC544886.txt,0,0,0,0.0000
PMC555753.txt,0,0,0,0.0000
PMC479044.txt,0,0,0,0.0000
PMC549193.txt,0,0,0,0.0000
PMC517951.txt,0,0,0,0.0000
PMC545971.txt,0,0,0,0.0000
PMC545965.txt,0,0,0,0.0000
PMC524357.txt,0,0,0,0.0000
PMC549187.txt,0,0,0,0.0000
PMC517945.txt,0,0,0,0.0000
PMC548299.txt,0,0,1,0.5774
PMC539306.txt,0,0,1,0.5774
PMC434150.txt,0,0,0,0.0000
PMC545795.txt,0,0,0,0.0000
PMC545959.txt,0,0,1,0.5774
PMC555592.txt,0,0,1,0.5774
PMC545781.txt,0,3,0,0.5774
PMC519001.txt,0,9,0,0.5774
PMC554101.txt,0,0,0,0.0000
PMC514525.txt,0,0,0,0.0000
PMC555579.txt,0,0,0,0.0000
PMC516440.txt,0,38,0,0.5774
PMC543469.txt,0,0,2,0.5774
PMC554115.txt,0,0,2,0.5774
PMC514531.txt,0,0,1,0.5774
PMC534811.txt,0,0,0,0.0000
PMC548514.txt,0,0,0,0.0000
PMC548272.txt,0,0,5,0.5774
PMC555545.txt,0,0,2,0.5774
PMC555551.txt,0,0,0,0.0000
PMC350672.txt,0,0,0,0.0000
PMC548266.txt,0,0,2,0.5774
PMC519029.txt,0,1,4,0.7001
PMC534805.txt,0,0,0,0.0000
PMC543455.txt,0,0,0,0.0000
PMC514492.txt,0,0,0,0.0000
PMC539266.txt,0,0,1,0.5774
PMC517825.txt,0,2,0,0.5774
PMC517831.txt,0,0,0,0.0000
PMC539272.txt,0,0,2,0.5774
PMC526385.txt,0,0,0,0.0000
PMC549030.txt,0,0,1,0.5774
PMC509414.txt,0,0,0,0.0000
PMC534795.txt,0,0,1,0.5774
PMC526391.txt,0,0,0,0.0000
PMC539299.txt,0,0,0,0.0000
PMC548306.txt,0,1,0,0.5774
PMC466951.txt,6,0,1,0.6644
PMC522875.txt,0,0,0,0.0000
PMC524035.txt,0,0,2,0.5774
PMC539064.txt,0,0,0,0.0000
PMC517399.txt,0,2,1,0.7746
PMC549583.txt,0,0,0,0.0000
PMC535892.txt,0,0,0,0.0000
PMC548689.txt,1,0,0,0.5774
PMC529263.txt,0,0,0,0.0000
PMC549597.txt,0,0,22,0.5774
PMC521171.txt,0,1,0,0.5774
PMC539058.txt,0,0,0,0.0000
PMC526178.txt,0,3,0,0.5774
PMC544931.txt,0,0,0,0.0000
PMC548138.txt,0,0,0,0.0000
PMC176547.txt,0,0,0,0.0000
PMC387274.txt,0,0,0,0.0000
PMC549540.txt,0,2,0,0.5774
PMC516044.txt,0,0,0,0.0000
PMC526187.txt,0,0,0,0.0000
PMC549554.txt,0,0,3,0.5774
PMC526193.txt,0,0,0,0.0000
PMC548676.txt,0,0,3,0.5774
PMC516037.txt,0,0,0,0.0000
PMC549533.txt,0,0,0,0.0000
PMC516023.txt,0,0,0,0.0000
PMC549527.txt,0,0,0,0.0000
PMC516779.txt,0,0,0,0.0000
PMC514608.txt,0,0,0,0.0000
PMC512292.txt,1,2,0,0.7746
PMC518967.txt,0,0,0,0.0000
PMC340957.txt,0,0,0,0.0000
PMC340943.txt,1,0,2,0.7746
PMC518973.txt,0,0,0,0.0000
PMC516786.txt,0,0,0,0.0000
PMC517498.txt,0,0,0,0.0000
PMC512286.txt,0,0,0,0.0000
PMC544956.txt,0,0,0,0.0000
PMC545490.txt,0,2,0,0.5774
PMC546199.txt,0,0,0,0.0000
PMC544942.txt,0,0,0,0.0000
PMC552311.txt,0,0,1,0.5774
PMC534094.txt,0,0,3,0.5774
PMC554760.txt,0,0,0,0.0000
PMC544573.txt,0,0,0,0.0000
PMC546402.txt,0,0,0,0.0000
PMC509315.txt,0,0,0,0.0000
PMC521499.txt,0,0,0,0.0000
PMC546416.txt,0,0,0,0.0000
PMC509301.txt,0,0,0,0.0000
PMC532397.txt,0,0,0,0.0000
PMC552305.txt,0,0,0,0.0000
PMC554774.txt,0,0,0,0.0000
PMC544567.txt,0,0,0,0.0000
PMC549043.txt,0,0,0,0.0000
PMC554984.txt,0,0,0,0.0000
PMC522812.txt,0,0,1,0.5774
PMC553999.txt,0,0,0,0.0000
PMC549719.txt,0,0,0,0.0000
PMC554990.txt,0,0,0,0.0000
PMC522806.txt,0,0,0,0.0000
PMC535349.txt,0,0,0,0.0000
PMC506783.txt,0,0,0,0.0000
PMC520744.txt,0,0,0,0.0000
PMC547907.txt,0,0,1,0.5774
PMC553972.txt,0,0,0,0.0000
PMC524522.txt,0,0,1,0.5774
PMC553966.txt,0,0,1,0.5774
PMC520750.txt,0,0,0,0.0000
PMC547913.txt,0,0,0,0.0000
PMC549080.txt,0,0,0,0.0000
PMC524250.txt,0,1,0,0.5774
PMC449902.txt,0,0,0,0.0000
PMC544598.txt,0,0,1,0.5774
PMC546210.txt,0,0,0,0.0000
PMC514556.txt,0,0,0,0.0000
PMC524495.txt,0,0,0,0.0000
PMC544361.txt,0,0,0,0.0000
PMC526282.txt,0,0,3,0.5774
PMC526296.txt,0,0,1,0.5774
PMC514542.txt,0,4,0,0.5774
PMC524481.txt,0,0,0,0.0000
PMC546204.txt,0,0,0,0.0000
PMC555536.txt,0,0,0,0.0000
PMC517705.txt,0,0,0,0.0000
PMC520817.txt,0,0,1,0.5774
PMC545043.txt,0,1,0,0.5774
PMC544349.txt,0,1,1,0.8165
PMC509249.txt,0,0,0,0.0000
PMC547898.txt,0,0,0,0.0000
PMC517711.txt,0,0,1,0.5774
PMC546238.txt,0,0,0,0.0000
PMC539361.txt,0,1,0,0.5774
PMC517936.txt,0,0,1,0.5774
PMC533880.txt,0,0,0,0.0000
PMC535567.txt,0,0,0,0.0000
PMC545080.txt,0,0,0,0.0000
PMC539349.txt,0,0,1,0.5774
PMC535573.txt,0,0,0,0.0000
PMC523846.txt,0,0,0,0.0000
PMC550670.txt,0,0,0,0.0000
PMC546012.txt,0,0,0,0.0000
PMC550664.txt,0,0,0,0.0000
PMC546006.txt,0,0,1,0.5774
PMC538282.txt,0,59,0,0.5774
PMC517507.txt,0,0,0,0.0000
PMC515310.txt,0,0,1,0.5774
PMC515304.txt,0,0,0,0.0000
PMC550658.txt,0,2,0,0.5774
PMC523885.txt,0,0,0,0.0000
PMC406387.txt,0,6,0,0.5774
PMC368177.txt,0,0,0,0.0000
PMC406393.txt,0,0,0,0.0000
PMC368163.txt,0,0,0,0.0000
PMC538269.txt,0,0,0,0.0000
PMC548956.txt,0,9,0,0.5774
PMC551591.txt,0,0,0,0.0000
PMC521076.txt,0,0,0,0.0000
PMC544836.txt,0,2,0,0.5774
PMC544188.txt,1,0,0,0.5774
PMC538255.txt,0,1,0,0.5774
PMC544837.txt,0,0,0,0.0000
PMC538254.txt,0,0,0,0.0000
PMC544189.txt,0,0,0,0.0000
PMC521077.txt,0,0,0,0.0000
PMC368162.txt,0,0,0,0.0000
PMC406392.txt,0,0,0,0.0000
PMC548957.txt,0,0,0,0.0000
PMC538268.txt,0,2,1,0.7746
PMC368176.txt,0,0,0,0.0000
PMC517512.txt,0,0,0,0.0000
PMC550659.txt,0,0,0,0.0000
PMC515305.txt,0,0,1,0.5774
PMC538283.txt,0,5,0,0.5774
PMC515311.txt,0,0,0,0.0000
PMC517506.txt,0,0,0,0.0000
PMC523853.txt,0,1,0,0.5774
PMC546007.txt,0,0,0,0.0000
PMC550665.txt,0,0,0,0.0000
PMC546013.txt,0,0,0,0.0000
PMC550671.txt,0,0,0,0.0000
PMC523847.txt,0,0,0,0.0000
PMC535572.txt,0,0,0,0.0000
PMC539348.txt,0,21,0,0.5774
PMC545081.txt,0,0,1,0.5774
PMC535566.txt,0,0,0,0.0000
PMC526254.txt,0,0,0,0.0000
PMC533881.txt,0,0,1,0.5774
PMC517937.txt,0,0,0,0.0000
PMC517923.txt,0,0,0,0.0000
PMC539360.txt,0,0,0,0.0000
PMC547899.txt,0,1,0,0.5774
PMC509248.txt,0,0,1,0.5774
PMC544348.txt,0,0,1,0.5774
PMC545056.txt,0,0,0,0.0000
PMC517710.txt,0,0,0,0.0000
PMC517704.txt,0,0,0,0.0000
PMC555537.txt,0,0,0,0.0000
PMC520816.txt,0,0,1,0.5774
PMC524480.txt,0,0,0,0.0000
PMC514543.txt,0,0,0,0.0000
PMC526297.txt,0,0,0,0.0000
PMC546205.txt,0,7,1,0.6532
PMC546211.txt,0,0,0,0.0000
PMC526283.txt,0,0,1,0.5774
PMC544360.txt,0,0,0,0.0000
PMC524494.txt,0,0,0,0.0000
PMC514557.txt,0,0,0,0.0000
PMC544599.txt,0,0,0,0.0000
PMC449903.txt,0,0,0,0.0000
PMC520751.txt,0,0,0,0.0000
PMC553967.txt,0,0,0,0.0000
PMC524251.txt,0,0,0,0.0000
PMC549081.txt,0,0,2,0.5774
PMC506782.txt,0,0,0,0.0000
PMC535348.txt,0,0,1,0.5774
PMC524523.txt,0,0,0,0.0000
PMC553973.txt,0,66,0,0.5774
PMC547906.txt,0,0,0,0.0000
PMC520745.txt,0,4,0,0.5774
PMC553998.txt,0,0,0,0.0000
PMC554991.txt,0,2,0,0.5774
PMC522813.txt,0,0,0,0.0000
PMC554985.txt,0,0,0,0.0000
PMC532396.txt,0,0,0,0.0000
PMC509300.txt,1,8,0,0.6445
PMC546417.txt,1,0,0,0.5774
PMC549042.txt,0,0,0,0.0000
PMC544566.txt,0,0,0,0.0000
PMC554775.txt,0,8,0,0.5774
PMC552304.txt,0,0,0,0.0000
PMC544572.txt,0,0,0,0.0000
PMC554761.txt,0,0,1,0.5774
PMC534095.txt,0,0,0,0.0000
PMC552310.txt,0,0,1,0.5774
PMC521498.txt,0,0,0,0.0000
PMC509314.txt,0,2,0,0.5774
PMC546403.txt,0,0,0,0.0000
PMC544943.txt,0,0,1,0.5774
PMC546198.txt,0,0,0,0.0000
PMC544957.txt,0,0,0,0.0000
PMC517499.txt,0,0,0,0.0000
PMC516787.txt,0,0,0,0.0000
PMC518972.txt,0,0,9,0.5774
PMC340942.txt,0,0,0,0.0000
PMC512293.txt,0,0,1,0.5774
PMC340956.txt,0,0,0,0.0000
PMC516793.txt,0,0,1,0.5774
PMC518966.txt,0,0,0,0.0000
PMC516778.txt,0,0,0,0.0000
PMC514609.txt,0,0,0,0.0000
PMC518999.txt,0,0,0,0.0000
PMC549526.txt,0,0,1,0.5774
PMC516022.txt,0,0,0,0.0000
PMC549532.txt,0,0,1,0.5774
PMC516036.txt,0,3,0,0.5774
PMC516020.txt,0,0,0,0.0000
PMC549524.txt,0,0,0,0.0000
PMC548148.txt,0,0,0,0.0000
PMC516034.txt,0,3,0,0.5774
PMC314478.txt,0,0,0,0.0000
PMC549530.txt,0,0,0,0.0000
PMC549518.txt,0,0,0,0.0000
PMC528858.txt,0,0,0,0.0000
PMC535809.txt,0,2,2,0.8165
PMC512285.txt,0,0,2,0.5774
PMC340940.txt,0,4,0,0.5774
PMC518970.txt,0,0,6,0.5774
PMC516785.txt,0,5,0,0.5774
PMC518964.txt,0,0,0,0.0000
PMC516791.txt,0,0,0,0.0000
PMC515298.txt,0,0,0,0.0000
PMC340954.txt,0,0,2,0.5774
PMC512291.txt,0,0,0,0.0000
PMC544941.txt,0,0,1,0.5774
PMC544955.txt,0,0,0,0.0000
PMC552306.txt,0,0,0,0.0000
PMC554777.txt,0,0,0,0.0000
PMC544564.txt,1,0,0,0.5774
PMC549040.txt,0,0,1,0.5774
PMC546415.txt,0,0,8,0.5774
PMC509302.txt,1,29,0,0.5969
PMC532394.txt,0,0,0,0.0000
PMC543579.txt,1,0,0,0.5774
PMC546401.txt,0,0,0,0.0000
PMC509316.txt,0,0,0,0.0000
PMC516236.txt,0,34,0,0.5774
PMC534097.txt,0,0,0,0.0000
PMC552312.txt,0,0,0,0.0000
PMC554763.txt,0,0,0,0.0000
PMC544570.txt,0,4,0,0.5774
PMC554993.txt,0,2,1,0.7746
PMC545646.txt,0,0,0,0.0000
PMC522805.txt,0,0,0,0.0000
PMC544558.txt,0,2,0,0.5774
PMC554987.txt,0,0,0,0.0000
PMC522811.txt,0,0,0,0.0000
PMC549068.txt,0,0,0,0.0000
PMC549083.txt,1,0,0,0.5774
PMC524253.txt,0,0,0,0.0000
PMC553965.txt,0,2,0,0.5774
PMC520753.txt,0,0,0,0.0000
PMC547910.txt,0,1,0,0.5774
PMC520747.txt,0,2,2,0.8165
PMC547904.txt,0,1,0,0.5774
PMC524521.txt,0,0,0,0.0000
PMC553971.txt,0,0,0,0.0000
PMC554978.txt,0,0,1,0.5774
PMC506780.txt,0,0,1,0.5774
PMC524509.txt,0,0,0,0.0000
PMC546398.txt,0,0,1,0.5774
PMC449901.txt,0,0,0,0.0000
PMC546207.txt,0,0,1,0.5774
PMC556014.txt,0,24,0,0.5774
PMC545068.txt,0,0,0,0.0000
PMC514541.txt,0,6,0,0.5774
PMC524482.txt,0,0,0,0.0000
PMC514555.txt,0,0,2,0.5774
PMC524496.txt,0,0,0,0.0000
PMC520828.txt,0,0,0,0.0000
PMC526281.txt,0,0,1,0.5774
PMC546213.txt,0,0,0,0.0000
PMC517712.txt,0,0,0,0.0000
PMC545054.txt,0,0,1,0.5774
PMC520814.txt,0,2,0,0.5774
PMC514569.txt,0,0,0,0.0000
PMC533868.txt,0,0,0,0.0000
PMC555535.txt,0,0,0,0.0000
PMC517706.txt,0,0,0,0.0000
PMC517935.txt,0,0,0,0.0000
PMC533883.txt,0,0,4,0.5774
PMC526256.txt,0,0,2,0.5774
PMC535558.txt,0,0,0,0.0000
PMC534108.txt,0,0,0,0.0000
PMC509289.txt,0,4,0,0.5774
PMC535570.txt,0,0,0,0.0000
PMC535564.txt,0,0,1,0.5774
PMC545083.txt,0,0,0,0.0000
PMC550667.txt,0,0,1,0.5774
PMC546005.txt,0,0,0,0.0000
PMC523851.txt,0,0,0,0.0000
PMC523845.txt,0,0,0,0.0000
PMC550673.txt,0,0,0,0.0000
PMC546011.txt,0,0,0,0.0000
PMC535941.txt,0,0,0,0.0000
PMC516168.txt,0,0,0,0.0000
PMC406409.txt,0,0,0,0.0000
PMC515307.txt,0,0,0,0.0000
PMC517510.txt,0,0,0,0.0000
PMC546039.txt,0,0,0,0.0000
PMC517504.txt,0,0,0,0.0000
PMC555737.txt,0,0,2,0.5774
PMC538281.txt,0,0,0,0.0000
PMC548955.txt,0,0,0,0.0000
PMC406390.txt,0,12,0,0.5774
PMC368160.txt,0,0,0,0.0000
PMC423138.txt,0,2,0,0.5774
PMC368174.txt,0,0,0,0.0000
PMC538256.txt,0,0,0,0.0000
PMC528723.txt,0,17,0,0.5774
PMC555938.txt,0,3,0,0.5774
PMC544835.txt,0,0,0,0.0000
PMC551592.txt,0,7,0,0.5774
PMC521075.txt,1,57,0,0.5874
PMC529429.txt,0,0,0,0.0000
PMC529428.txt,0,0,0,0.0000
PMC521074.txt,0,0,0,0.0000
PMC551593.txt,0,0,0,0.0000
PMC516800.txt,0,0,0,0.0000
PMC538257.txt,0,0,0,0.0000
PMC544834.txt,0,1,0,0.5774
PMC555939.txt,0,1,0,0.5774
PMC368175.txt,0,0,0,0.0000
PMC548940.txt,0,0,1,0.5774
PMC548954.txt,0,0,0,0.0000
PMC423139.txt,0,2,0,0.5774
PMC368161.txt,1,0,0,0.5774
PMC406391.txt,0,0,0,0.0000
PMC555736.txt,0,0,0,0.0000
PMC517505.txt,0,0,0,0.0000
PMC538280.txt,0,1,0,0.5774
PMC406408.txt,0,0,0,0.0000
PMC546038.txt,0,2,0,0.5774
PMC517511.txt,0,1,0,0.5774
PMC515306.txt,0,0,0,0.0000
PMC546010.txt,1,2,0,0.7746
PMC550672.txt,0,0,0,0.0000
PMC523844.txt,0,0,0,0.0000
PMC535940.txt,0,0,1,0.5774
PMC523850.txt,0,0,0,0.0000
PMC546004.txt,0,1,0,0.5774
PMC550666.txt,0,0,0,0.0000
PMC545082.txt,0,0,0,0.0000
PMC535565.txt,0,0,0,0.0000
PMC534109.txt,0,0,1,0.5774
PMC535571.txt,0,0,0,0.0000
PMC509288.txt,0,4,0,0.5774
PMC535559.txt,0,7,1,0.6532
PMC533882.txt,0,0,0,0.0000
PMC517934.txt,0,0,1,0.5774
PMC526257.txt,0,0,0,0.0000
PMC514568.txt,0,0,0,0.0000
PMC520815.txt,0,0,0,0.0000
PMC517707.txt,0,0,0,0.0000
PMC555534.txt,0,0,2,0.5774
PMC533869.txt,1,0,0,0.5774
PMC517713.txt,0,0,0,0.0000
PMC545055.txt,0,0,0,0.0000
PMC526280.txt,0,0,0,0.0000
PMC520829.txt,0,0,0,0.0000
PMC514554.txt,0,0,0,0.0000
PMC546212.txt,0,0,0,0.0000
PMC546206.txt,0,0,1,0.5774
PMC524483.txt,0,0,0,0.0000
PMC514540.txt,0,0,0,0.0000
PMC545069.txt,0,0,3,0.5774
PMC449900.txt,0,0,0,0.0000
PMC546399.txt,0,0,1,0.5774
PMC524508.txt,0,0,1,0.5774
PMC553970.txt,0,1,0,0.5774
PMC524520.txt,0,0,0,0.0000
PMC547905.txt,0,2,2,0.8165
PMC520746.txt,0,1,0,0.5774
PMC554979.txt,0,0,0,0.0000
PMC524252.txt,0,0,0,0.0000
PMC549082.txt,0,0,0,0.0000
PMC547911.txt,0,0,0,0.0000
PMC520752.txt,0,0,0,0.0000
PMC553964.txt,0,0,0,0.0000
PMC549069.txt,0,0,0,0.0000
PMC522810.txt,0,0,0,0.0000
PMC554986.txt,0,0,2,0.5774
PMC544559.txt,1,6,0,0.6644
PMC522804.txt,0,0,0,0.0000
PMC545647.txt,0,0,0,0.0000
PMC554992.txt,0,4,0,0.5774
PMC516237.txt,0,7,0,0.5774
PMC509317.txt,0,0,0,0.0000
PMC546400.txt,0,0,0,0.0000
PMC543578.txt,0,14,0,0.5774
PMC544571.txt,0,1,0,0.5774
PMC554762.txt,0,0,0,0.0000
PMC552313.txt,0,0,0,0.0000
PMC534096.txt,0,0,3,0.5774
PMC549041.txt,0,0,0,0.0000
PMC544565.txt,0,0,0,0.0000
PMC554776.txt,0,0,0,0.0000
PMC552307.txt,0,0,0,0.0000
PMC532395.txt,0,0,0,0.0000
PMC509303.txt,2,1,0,0.7746
PMC546414.txt,1,1,0,0.8165
PMC518959.txt,1,0,1,0.8165
PMC544954.txt,0,0,0,0.0000
PMC544940.txt,0,0,0,0.0000
PMC340955.txt,0,0,0,0.0000
PMC515299.txt,0,0,0,0.0000
PMC516790.txt,0,0,1,0.5774
PMC518965.txt,0,0,0,0.0000
PMC512290.txt,0,0,1,0.5774
PMC503389.txt,0,1,0,0.5774
PMC512284.txt,0,0,0,0.0000
PMC516784.txt,0,0,0,0.0000
PMC518971.txt,0,0,1,0.5774
PMC340941.txt,0,11,0,0.5774
PMC535808.txt,0,0,0,0.0000
PMC549519.txt,0,0,0,0.0000
PMC548149.txt,0,0,0,0.0000
PMC549531.txt,0,0,1,0.5774
PMC314479.txt,0,0,0,0.0000
PMC516035.txt,0,0,0,0.0000
PMC549525.txt,0,0,0,0.0000
PMC516021.txt,0,0,1,0.5774
PMC516019.txt,0,0,0,0.0000
PMC503400.txt,0,0,0,0.0000
PMC314469.txt,0,0,0,0.0000
PMC521689.txt,0,0,0,0.0000
PMC516025.txt,0,0,0,0.0000
PMC549521.txt,0,0,1,0.5774
PMC516031.txt,0,7,0,0.5774
PMC549535.txt,0,0,0,0.0000
PMC544944.txt,0,0,0,0.0000
PMC555849.txt,0,0,1,0.5774
PMC314482.txt,0,0,0,0.0000
PMC544950.txt,0,0,0,0.0000
PMC340945.txt,0,0,0,0.0000
PMC516780.txt,0,0,0,0.0000
PMC518975.txt,0,0,0,0.0000
PMC512280.txt,0,0,0,0.0000
PMC512294.txt,0,0,0,0.0000
PMC503399.txt,0,0,0,0.0000
PMC516794.txt,0,0,0,0.0000
PMC518961.txt,1,0,0,0.5774
PMC340951.txt,0,0,0,0.0000
PMC549079.txt,0,0,0,0.0000
PMC522814.txt,1,0,0,0.5774
PMC554982.txt,0,1,0,0.5774
PMC544549.txt,0,0,0,0.0000
PMC546410.txt,0,0,0,0.0000
PMC509307.txt,0,0,0,0.0000
PMC532391.txt,0,1,0,0.5774
PMC552303.txt,0,0,0,0.0000
PMC544561.txt,0,0,1,0.5774
PMC554772.txt,0,0,0,0.0000
PMC549045.txt,0,40,0,0.5774
PMC549051.txt,0,0,0,0.0000
PMC534092.txt,0,1,0,0.5774
PMC552317.txt,0,0,0,0.0000
PMC544575.txt,0,4,0,0.5774
PMC554766.txt,0,0,0,0.0000
PMC554000.txt,0,0,0,0.0000
PMC546404.txt,0,0,0,0.0000
PMC509313.txt,0,0,0,0.0000
PMC449904.txt,0,0,0,0.0000
PMC524518.txt,0,0,0,0.0000
PMC547915.txt,0,0,1,0.5774
PMC520756.txt,0,0,0,0.0000
PMC524256.txt,0,0,0,0.0000
PMC506785.txt,0,0,0,0.0000
PMC547901.txt,0,0,0,0.0000
PMC520742.txt,0,2,0,0.5774
PMC524524.txt,0,0,0,0.0000
PMC553974.txt,0,0,0,0.0000
PMC545051.txt,0,0,1,0.5774
PMC517717.txt,0,1,0,0.5774
PMC533879.txt,0,0,0,0.0000
PMC520811.txt,0,0,4,0.5774
PMC545045.txt,0,0,0,0.0000
PMC524487.txt,1,0,0,0.5774
PMC514544.txt,0,0,1,0.5774
PMC546202.txt,0,0,0,0.0000
PMC546216.txt,0,0,0,0.0000
PMC544401.txt,0,0,0,0.0000
PMC524493.txt,1,3,0,0.7303
PMC545079.txt,0,0,0,0.0000
PMC514550.txt,0,1,0,0.5774
PMC521500.txt,0,0,0,0.0000
PMC535575.txt,0,0,0,0.0000
PMC449864.txt,0,0,0,0.0000
PMC387822.txt,0,0,0,0.0000
PMC545938.txt,0,0,0,0.0000
PMC449870.txt,0,2,0,0.5774
PMC544398.txt,0,0,0,0.0000
PMC535561.txt,0,0,0,0.0000
PMC509298.txt,0,0,1,0.5774
PMC535549.txt,0,4,0,0.5774
PMC526253.txt,0,0,0,0.0000
PMC517930.txt,0,49,0,0.5774
PMC533886.txt,0,4,0,0.5774
PMC522747.txt,0,0,0,0.0000
PMC517924.txt,0,0,2,0.5774
PMC515302.txt,0,0,0,0.0000
PMC551540.txt,0,2,0,0.5774
PMC538290.txt,0,0,0,0.0000
PMC538284.txt,0,0,0,0.0000
PMC517501.txt,0,0,1,0.5774
PMC550662.txt,0,0,0,0.0000
PMC546000.txt,0,0,1,0.5774
PMC523854.txt,0,0,0,0.0000
PMC523840.txt,0,0,1,0.5774
PMC550676.txt,0,0,0,0.0000
PMC528726.txt,0,0,0,0.0000
PMC529438.txt,0,0,0,0.0000
PMC544830.txt,0,0,1,0.5774
PMC368159.txt,0,0,0,0.0000
PMC538253.txt,0,0,0,0.0000
PMC551597.txt,0,0,0,0.0000
PMC528732.txt,0,19,0,0.5774
PMC521070.txt,0,0,0,0.0000
PMC406395.txt,0,0,0,0.0000
PMC368165.txt,0,0,0,0.0000
PMC423129.txt,0,2,0,0.5774
PMC368171.txt,0,0,0,0.0000
PMC368170.txt,0,0,0,0.0000
PMC368164.txt,0,0,0,0.0000
PMC406394.txt,0,0,0,0.0000
PMC548951.txt,0,0,0,0.0000
PMC521071.txt,0,0,0,0.0000
PMC551596.txt,0,0,0,0.0000
PMC368158.txt,0,0,0,0.0000
PMC544831.txt,0,0,0,0.0000
PMC529439.txt,0,0,1,0.5774
PMC528727.txt,0,0,0,0.0000
PMC538252.txt,0,0,0,0.0000
PMC523841.txt,0,0,0,0.0000
PMC523855.txt,1,0,0,0.5774
PMC546001.txt,0,0,0,0.0000
PMC550663.txt,0,0,1,0.5774
PMC538285.txt,0,0,0,0.0000
PMC517500.txt,0,0,0,0.0000
PMC515303.txt,0,0,1,0.5774
PMC538291.txt,0,0,0,0.0000
PMC517925.txt,0,0,0,0.0000
PMC517931.txt,0,4,0,0.5774
PMC545939.txt,0,0,2,0.5774
PMC509299.txt,0,0,0,0.0000
PMC535560.txt,0,0,0,0.0000
PMC544399.txt,0,0,0,0.0000
PMC524479.txt,0,0,0,0.0000
PMC535574.txt,0,0,3,0.5774
PMC387823.txt,0,0,0,0.0000
PMC544400.txt,0,0,0,0.0000
PMC546217.txt,0,0,0,0.0000
PMC514551.txt,0,0,0,0.0000
PMC545078.txt,0,0,0,0.0000
PMC524492.txt,0,3,4,0.8083
PMC514545.txt,0,0,1,0.5774
PMC524486.txt,1,2,0,0.7746
PMC546203.txt,0,0,0,0.0000
PMC545044.txt,0,0,0,0.0000
PMC520810.txt,0,0,0,0.0000
PMC545050.txt,0,0,0,0.0000
PMC533878.txt,0,0,0,0.0000
PMC517716.txt,0,5,0,0.5774
PMC506784.txt,0,0,0,0.0000
PMC553975.txt,0,0,2,0.5774
PMC520743.txt,0,0,4,0.5774
PMC547900.txt,0,0,2,0.5774
PMC547914.txt,0,0,0,0.0000
PMC524257.txt,0,0,0,0.0000
PMC449905.txt,0,0,0,0.0000
PMC524519.txt,0,0,0,0.0000
PMC554767.txt,0,0,0,0.0000
PMC544574.txt,0,0,1,0.5774
PMC552316.txt,0,0,1,0.5774
PMC534093.txt,0,0,0,0.0000
PMC549050.txt,0,0,0,0.0000
PMC509312.txt,0,0,0,0.0000
PMC546405.txt,0,3,0,0.5774
PMC532390.txt,0,0,0,0.0000
PMC509306.txt,1,14,0,0.6170
PMC546411.txt,0,0,1,0.5774
PMC549044.txt,0,0,0,0.0000
PMC554773.txt,0,0,0,0.0000
PMC544560.txt,0,9,0,0.5774
PMC552302.txt,0,0,0,0.0000
PMC544548.txt,0,0,0,0.0000
PMC554983.txt,0,0,0,0.0000
PMC522815.txt,0,0,0,0.0000
PMC554997.txt,0,0,2,0.5774
PMC549078.txt,0,0,0,0.0000
PMC503398.txt,0,1,1,0.8165
PMC512295.txt,0,16,0,0.5774
PMC340950.txt,0,0,0,0.0000
PMC518960.txt,0,0,0,0.0000
PMC516795.txt,0,0,0,0.0000
PMC518974.txt,0,0,0,0.0000
PMC516781.txt,0,0,1,0.5774
PMC340944.txt,0,0,0,0.0000
PMC512281.txt,0,15,0,0.5774
PMC314483.txt,0,0,1,0.5774
PMC544951.txt,0,0,1,0.5774
PMC555848.txt,0,0,0,0.0000
PMC544945.txt,0,0,0,0.0000
PMC549534.txt,0,8,1,0.6445
PMC516030.txt,0,0,0,0.0000
PMC512530.txt,0,0,0,0.0000
PMC549520.txt,0,0,0,0.0000
PMC521688.txt,0,0,0,0.0000
PMC516024.txt,1,0,0,0.5774
PMC314468.txt,0,0,0,0.0000
PMC511005.txt,0,0,0,0.0000
PMC516018.txt,0,3,0,0.5774
PMC516768.txt,0,0,0,0.0000
PMC516032.txt,0,0,0,0.0000
PMC549536.txt,0,0,0,0.0000
PMC516026.txt,0,0,0,0.0000
PMC549522.txt,0,0,0,0.0000
PMC544953.txt,0,0,0,0.0000
PMC314481.txt,0,0,0,0.0000
PMC546188.txt,0,0,0,0.0000
PMC544947.txt,0,4,1,0.7001
PMC516797.txt,0,0,0,0.0000
PMC518962.txt,1,0,0,0.5774
PMC340952.txt,0,13,0,0.5774
PMC512283.txt,0,0,0,0.0000
PMC340946.txt,0,0,0,0.0000
PMC516783.txt,0,0,0,0.0000
PMC518976.txt,0,0,0,0.0000
PMC553988.txt,0,0,0,0.0000
PMC522817.txt,0,0,0,0.0000
PMC554981.txt,0,0,0,0.0000
PMC552328.txt,0,0,0,0.0000
PMC554759.txt,0,2,0,0.5774
PMC506779.txt,0,0,0,0.0000
PMC522803.txt,0,0,2,0.5774
PMC554995.txt,0,0,1,0.5774
PMC546407.txt,0,0,0,0.0000
PMC509310.txt,0,0,0,0.0000
PMC552314.txt,0,1,0,0.5774
PMC534091.txt,0,0,0,0.0000
PMC544576.txt,0,0,0,0.0000
PMC554765.txt,0,0,1,0.5774
PMC544562.txt,0,0,1,0.5774
PMC554771.txt,0,0,1,0.5774
PMC497048.txt,0,0,0,0.0000
PMC549046.txt,0,1,3,0.7303
PMC551609.txt,0,0,0,0.0000
PMC546413.txt,0,0,0,0.0000
PMC521488.txt,0,1,0,0.5774
PMC509304.txt,1,1,0,0.8165
PMC532392.txt,0,3,0,0.5774
PMC543580.txt,0,0,1,0.5774
PMC449907.txt,0,0,0,0.0000
PMC544589.txt,0,0,1,0.5774
PMC539238.txt,0,0,0,0.0000
PMC547902.txt,0,0,1,0.5774
PMC553977.txt,0,2,0,0.5774
PMC506786.txt,0,0,0,0.0000
PMC516581.txt,0,0,0,0.0000
PMC524255.txt,0,0,0,0.0000
PMC553963.txt,1,0,0,0.5774
PMC547916.txt,0,0,0,0.0000
PMC520755.txt,0,0,0,0.0000
PMC520812.txt,0,0,2,0.5774
PMC545046.txt,0,0,0,0.0000
PMC544358.txt,0,0,0,0.0000
PMC555533.txt,0,1,0,0.5774
PMC546229.txt,0,0,1,0.5774
PMC517714.txt,0,0,0,0.0000
PMC545052.txt,0,0,1,0.5774
PMC524490.txt,0,0,4,0.5774
PMC514553.txt,0,0,3,0.5774
PMC526287.txt,0,0,0,0.0000
PMC546215.txt,0,0,0,0.0000
PMC449898.txt,0,0,0,0.0000
PMC546201.txt,0,0,0,0.0000
PMC517728.txt,0,0,0,0.0000
PMC514547.txt,0,0,0,0.0000
PMC535562.txt,0,0,0,0.0000
PMC539358.txt,0,3,0,0.5774
PMC535576.txt,0,0,0,0.0000
PMC517927.txt,0,0,0,0.0000
PMC517933.txt,0,0,0,0.0000
PMC533885.txt,0,0,0,0.0000
PMC522750.txt,0,0,0,0.0000
PMC550649.txt,0,0,1,0.5774
PMC517502.txt,0,0,0,0.0000
PMC538287.txt,0,0,1,0.5774
PMC515301.txt,0,1,0,0.5774
PMC544600.txt,0,0,0,0.0000
PMC523843.txt,0,0,0,0.0000
PMC550675.txt,0,0,0,0.0000
PMC550661.txt,0,1,0,0.5774
PMC546003.txt,1,29,0,0.5969
PMC523857.txt,0,0,0,0.0000
PMC551594.txt,0,0,0,0.0000
PMC528731.txt,0,4,0,0.5774
PMC521073.txt,0,0,0,0.0000
PMC538250.txt,0,0,0,0.0000
PMC528725.txt,0,0,0,0.0000
PMC521067.txt,0,0,0,0.0000
PMC544833.txt,0,4,0,0.5774
PMC368172.txt,0,17,0,0.5774
PMC521729.txt,0,0,0,0.0000
PMC548953.txt,0,0,1,0.5774
PMC406396.txt,0,0,0,0.0000
PMC368166.txt,0,0,0,0.0000
PMC548952.txt,0,0,0,0.0000
PMC368167.txt,0,0,0,0.0000
PMC406397.txt,0,2,0,0.5774
PMC368173.txt,0,1,0,0.5774
PMC538279.txt,0,0,0,0.0000
PMC521728.txt,0,0,0,0.0000
PMC538251.txt,0,0,0,0.0000
PMC544832.txt,0,0,0,0.0000
PMC528724.txt,0,0,0,0.0000
PMC521072.txt,0,0,0,0.0000
PMC528730.txt,0,0,177,0.5774
PMC551595.txt,0,0,1,0.5774
PMC523856.txt,0,0,0,0.0000
PMC546002.txt,0,14,0,0.5774
PMC550660.txt,0,0,0,0.0000
PMC550674.txt,0,3,0,0.5774
PMC523842.txt,0,0,0,0.0000
PMC538292.txt,0,0,0,0.0000
PMC515300.txt,0,0,0,0.0000
PMC517503.txt,0,0,0,0.0000
PMC550648.txt,0,0,0,0.0000
PMC538286.txt,0,0,1,0.5774
PMC522751.txt,0,1,0,0.5774
PMC533884.txt,0,0,1,0.5774
PMC517932.txt,0,1,1,0.8165
PMC526251.txt,0,0,0,0.0000
PMC517926.txt,0,1,0,0.5774
PMC449866.txt,0,0,0,0.0000
PMC539359.txt,0,0,1,0.5774
PMC535563.txt,1,0,1,0.8165
PMC517729.txt,0,0,2,0.5774
PMC546200.txt,0,0,0,0.0000
PMC449899.txt,0,0,0,0.0000
PMC514546.txt,0,0,2,0.5774
PMC524485.txt,0,0,0,0.0000
PMC514552.txt,0,0,2,0.5774
PMC524491.txt,0,0,1,0.5774
PMC544403.txt,0,0,0,0.0000
PMC546214.txt,0,1,0,0.5774
PMC517715.txt,1,0,0,0.5774
PMC545053.txt,0,0,0,0.0000
PMC544359.txt,0,0,0,0.0000
PMC545047.txt,0,1,0,0.5774
PMC520813.txt,0,0,0,0.0000
PMC546228.txt,0,0,0,0.0000
PMC555532.txt,0,0,0,0.0000
PMC524254.txt,0,0,0,0.0000
PMC520754.txt,0,0,1,0.5774
PMC547917.txt,0,0,1,0.5774
PMC553976.txt,0,0,0,0.0000
PMC547903.txt,0,1,0,0.5774
PMC506787.txt,0,0,1,0.5774
PMC539239.txt,0,0,2,0.5774
PMC544588.txt,0,0,2,0.5774
PMC449906.txt,0,0,0,0.0000
PMC549047.txt,0,1,0,0.5774
PMC551608.txt,0,0,0,0.0000
PMC497049.txt,0,1,1,0.8165
PMC554770.txt,0,0,0,0.0000
PMC544563.txt,0,0,0,0.0000
PMC532393.txt,0,3,0,0.5774
PMC509305.txt,1,1,0,0.8165
PMC521489.txt,0,25,0,0.5774
PMC546412.txt,0,0,0,0.0000
PMC509311.txt,0,0,0,0.0000
PMC546406.txt,0,0,0,0.0000
PMC532387.txt,0,0,0,0.0000
PMC554764.txt,0,0,1,0.5774
PMC544577.txt,0,0,0,0.0000
PMC534090.txt,0,0,0,0.0000
PMC552315.txt,0,0,0,0.0000
PMC554994.txt,0,0,0,0.0000
PMC553989.txt,0,0,0,0.0000
PMC506778.txt,0,0,0,0.0000
PMC554758.txt,0,0,0,0.0000
PMC552329.txt,0,0,0,0.0000
PMC554980.txt,0,0,0,0.0000
PMC522816.txt,0,0,0,0.0000
PMC512282.txt,0,0,0,0.0000
PMC518977.txt,0,0,0,0.0000
PMC516782.txt,0,0,2,0.5774
PMC340947.txt,0,0,0,0.0000
PMC340953.txt,0,0,0,0.0000
PMC518963.txt,1,0,0,0.5774
PMC516796.txt,0,0,0,0.0000
PMC512296.txt,0,0,0,0.0000
PMC544946.txt,0,0,0,0.0000
PMC546189.txt,0,3,0,0.5774
PMC544952.txt,0,0,0,0.0000
PMC314480.txt,0,0,0,0.0000
PMC549523.txt,0,0,0,0.0000
PMC516027.txt,0,1,0,0.5774
PMC549537.txt,0,11,0,0.5774
PMC516033.txt,0,0,0,0.0000
PMC516769.txt,0,0,0,0.0000
